hyear,cdays,rain
1,1,0.0000
1,2,0.0000
1,3,0.0000
1,4,0.0000
1,5,0.0000
1,6,0.0000
1,7,0.0000
1,8,0.0000
1,9,0.0000
1,10,0.0000
1,11,0.0000
1,12,0.0000
1,13,0.0000
1,14,0.0000
1,15,0.0000
1,16,0.0000
1,17,0.0000
1,18,0.0000
1,19,0.0000
1,20,0.0000
1,21,0.0000
1,22,0.0000
1,23,0.0000
1,24,0.0000
1,25,0.0000
1,26,0.0000
1,27,0.0000
1,28,0.0000
1,29,0.0000
1,30,0.0000
1,31,0.0000
1,32,0.0000
1,33,0.0000
1,34,0.0000
1,35,0.0000
1,36,0.0000
1,37,0.6000
1,38,0.0000
1,39,0.0000
1,40,0.0000
1,41,0.0300
1,42,0.0000
1,43,0.0000
1,44,0.0000
1,45,0.0000
1,46,0.0000
1,47,0.0000
1,48,0.0000
1,49,0.0000
1,50,0.0000
1,51,0.0000
1,52,0.0000
1,53,0.0000
1,54,0.0000
1,55,0.0000
1,56,0.0000
1,57,0.0000
1,58,0.0000
1,59,0.0700
1,60,0.0000
1,61,0.0000
1,62,0.0000
1,63,0.0000
1,64,0.0000
1,65,0.0000
1,66,0.0000
1,67,0.0000
1,68,0.0000
1,69,0.0000
1,70,0.0000
1,71,0.0000
1,72,0.0000
1,73,0.0300
1,74,3.8800
1,75,0.0500
1,76,1.4300
1,77,1.7800
1,78,0.8300
1,79,0.3300
1,80,0.0000
1,81,0.0000
1,82,0.0000
1,83,0.0000
1,84,0.0000
1,85,0.0000
1,86,0.0000
1,87,0.0000
1,88,0.0000
1,89,0.0000
1,90,0.0000
1,91,0.0000
1,92,0.0000
1,93,0.0000
1,94,0.0000
1,95,0.0000
1,96,0.0000
1,97,0.0000
1,98,0.0000
1,99,0.0000
1,100,0.0000
1,101,0.0000
1,102,0.0000
1,103,0.0000
1,104,0.0000
1,105,0.0000
1,106,2.0200
1,107,0.0000
1,108,0.0000
1,109,0.0000
1,110,0.0000
1,111,0.0000
1,112,0.0000
1,113,0.0000
1,114,0.0000
1,115,0.0000
1,116,0.0000
1,117,0.0000
1,118,0.0000
1,119,0.0000
1,120,0.0000
1,121,0.0000
1,122,0.0000
1,123,0.0000
1,124,0.0000
1,125,0.0000
1,126,5.2300
1,127,2.0200
1,128,3.2100
1,129,0.8400
1,130,0.0000
1,131,0.4000
1,132,0.0000
1,133,0.0000
1,134,0.0000
1,135,0.0000
1,136,0.0000
1,137,0.0000
1,138,0.0000
1,139,0.0000
1,140,0.0000
1,141,0.4300
1,142,0.0000
1,143,0.0000
1,144,2.0300
1,145,0.1300
1,146,0.0000
1,147,0.0000
1,148,0.0000
1,149,0.0000
1,150,0.0000
1,151,0.0000
1,152,0.0000
1,153,0.0000
1,154,0.8200
1,155,0.3300
1,156,0.0000
1,157,0.0000
1,158,0.0000
1,159,0.0000
1,160,0.0000
1,161,2.1400
1,162,2.5100
1,163,0.0000
1,164,4.3200
1,165,4.2100
1,166,2.4200
1,167,0.2100
1,168,0.0100
1,169,1.4000
1,170,0.0000
1,171,0.0000
1,172,0.0000
1,173,0.0000
1,174,0.1200
1,175,0.0000
1,176,0.0000
1,177,0.0000
1,178,0.1300
1,179,0.0000
1,180,0.0000
1,181,0.0000
1,182,0.2000
1,183,0.1200
1,184,0.0000
1,185,0.0000
1,186,0.0000
1,187,0.0000
1,188,0.0000
1,189,0.0000
1,190,0.0000
1,191,0.0000
1,192,0.0000
1,193,0.0000
1,194,0.0000
1,195,0.0000
1,196,0.0000
1,197,0.0000
1,198,0.0000
1,199,0.7400
1,200,0.0000
1,201,0.0000
1,202,0.0000
1,203,0.0000
1,204,0.0000
1,205,0.3400
1,206,0.0000
1,207,0.0000
1,208,0.0000
1,209,0.0000
1,210,0.0000
1,211,0.0000
1,212,0.0000
1,213,0.0000
1,214,0.0000
1,215,0.0000
1,216,0.0000
1,217,0.0000
1,218,0.0000
1,219,0.0000
1,220,0.5400
1,221,0.6400
1,222,0.0000
1,223,0.7300
1,224,0.8300
1,225,0.0000
1,226,0.0000
1,227,0.0000
1,228,0.0000
1,229,0.0000
1,230,0.0000
1,231,0.0000
1,232,0.0000
1,233,0.0000
1,234,0.0000
1,235,0.0000
1,236,0.0000
1,237,0.0000
1,238,0.0000
1,239,0.2300
1,240,0.0000
1,241,0.0000
1,242,0.0000
1,243,0.0000
1,244,0.0000
1,245,0.0000
1,246,0.0500
1,247,0.0000
1,248,0.0000
1,249,0.0000
1,250,0.0000
1,251,0.1000
1,252,0.0000
1,253,0.1800
1,254,0.0000
1,255,0.5500
1,256,0.5000
1,257,0.4000
1,258,0.5000
1,259,0.0000
1,260,0.0000
1,261,0.0000
1,262,0.1300
1,263,0.0000
1,264,0.0000
1,265,0.0000
1,266,0.0000
1,267,0.0800
1,268,0.0300
1,269,0.0000
1,270,0.0000
1,271,0.0000
1,272,2.3500
1,273,0.0000
1,274,0.0000
1,275,0.0000
1,276,0.2500
1,277,0.1300
1,278,0.0000
1,279,0.0000
1,280,0.0000
1,281,0.0500
1,282,0.0000
1,283,0.0000
1,284,0.0000
1,285,0.0000
1,286,0.0000
1,287,0.0000
1,288,0.0000
1,289,0.2200
1,290,0.0300
1,291,0.1500
1,292,0.0800
1,293,0.0000
1,294,0.3300
1,295,0.0000
1,296,4.0800
1,297,0.0500
1,298,0.0000
1,299,0.0000
1,300,0.0800
1,301,0.0000
1,302,0.0000
1,303,0.0000
1,304,0.0000
1,305,0.0000
1,306,0.0000
1,307,0.0000
1,308,0.0000
1,309,0.0000
1,310,0.0000
1,311,0.0000
1,312,0.0000
1,313,0.0500
1,314,0.0000
1,315,0.0000
1,316,0.0000
1,317,0.0000
1,318,0.5000
1,319,0.0000
1,320,0.0000
1,321,0.0000
1,322,0.0000
1,323,0.0000
1,324,0.0000
1,325,0.0000
1,326,0.0000
1,327,0.0000
1,328,0.0000
1,329,0.0000
1,330,0.0000
1,331,0.0000
1,332,0.0000
1,333,0.0000
1,334,0.0000
1,335,0.0000
1,336,0.0300
1,337,0.0000
1,338,0.0000
1,339,0.0300
1,340,0.0000
1,341,0.0000
1,342,0.0000
1,343,0.0000
1,344,0.0000
1,345,0.0000
1,346,0.0000
1,347,0.0000
1,348,0.0000
1,349,0.0000
1,350,0.0000
1,351,0.0000
1,352,0.0000
1,353,0.0000
1,354,0.0000
1,355,0.0000
1,356,0.0000
1,357,0.0000
1,358,0.0000
1,359,0.0000
1,360,0.0000
1,361,0.0000
1,362,0.0000
1,363,0.0000
1,364,0.0000
1,365,0.0000
2,366,0.0000
2,367,0.0000
2,368,0.0000
2,369,0.0000
2,370,0.0000
2,371,0.0000
2,372,0.0000
2,373,0.0000
2,374,0.0000
2,375,0.0000
2,376,0.0000
2,377,0.0000
2,378,0.0000
2,379,1.0500
2,380,0.0000
2,381,0.1000
2,382,0.0000
2,383,0.1000
2,384,0.0000
2,385,0.0000
2,386,0.0000
2,387,0.0000
2,388,0.0000
2,389,0.0000
2,390,0.0000
2,391,0.0000
2,392,0.0000
2,393,0.0000
2,394,0.0300
2,395,0.0000
2,396,0.0000
2,397,0.0000
2,398,0.0000
2,399,0.0000
2,400,0.0000
2,401,0.0000
2,402,0.0000
2,403,0.0000
2,404,0.0000
2,405,0.0000
2,406,0.0000
2,407,0.0000
2,408,0.0000
2,409,0.0000
2,410,0.0000
2,411,0.0000
2,412,0.0000
2,413,0.0000
2,414,0.0000
2,415,0.0000
2,416,0.0000
2,417,0.0000
2,418,0.0000
2,419,0.0000
2,420,0.0000
2,421,0.0000
2,422,0.0000
2,423,0.0300
2,424,0.0000
2,425,0.9300
2,426,0.3300
2,427,0.0000
2,428,0.0000
2,429,0.0000
2,430,0.0000
2,431,0.0000
2,432,0.0000
2,433,0.0000
2,434,0.0000
2,435,0.7000
2,436,0.0000
2,437,0.0000
2,438,0.0000
2,439,0.0000
2,440,0.2800
2,441,0.0000
2,442,0.1500
2,443,0.0000
2,444,0.0000
2,445,0.0000
2,446,0.0000
2,447,0.0000
2,448,0.0500
2,449,0.0000
2,450,0.0000
2,451,0.0000
2,452,0.0000
2,453,0.0000
2,454,0.0000
2,455,0.6800
2,456,1.1000
2,457,0.3000
2,458,0.0300
2,459,0.0200
2,460,1.9800
2,461,0.1300
2,462,0.0800
2,463,0.6300
2,464,0.3800
2,465,0.0000
2,466,0.0000
2,467,1.5300
2,468,0.1800
2,469,0.0000
2,470,0.2500
2,471,0.0300
2,472,2.0000
2,473,0.0000
2,474,1.6500
2,475,5.4300
2,476,0.2700
2,477,0.6800
2,478,0.6500
2,479,0.1500
2,480,0.0000
2,481,0.0000
2,482,0.0000
2,483,0.2000
2,484,0.0000
2,485,0.0000
2,486,0.0000
2,487,0.0000
2,488,0.0500
2,489,0.0000
2,490,0.0000
2,491,0.0000
2,492,0.0000
2,493,0.2800
2,494,0.1300
2,495,0.0000
2,496,0.0000
2,497,0.0000
2,498,0.0000
2,499,0.0000
2,500,0.0000
2,501,0.0800
2,502,0.0000
2,503,0.0300
2,504,0.0300
2,505,0.0000
2,506,0.0000
2,507,0.0000
2,508,0.0000
2,509,0.0000
2,510,0.0000
2,511,0.0000
2,512,0.0000
2,513,0.0000
2,514,0.0000
2,515,0.0000
2,516,0.0000
2,517,0.0000
2,518,0.0000
2,519,0.0000
2,520,0.0000
2,521,2.1000
2,522,0.9700
2,523,0.0500
2,524,0.0000
2,525,0.0000
2,526,0.0000
2,527,0.0000
2,528,0.0500
2,529,0.0000
2,530,0.0000
2,531,0.0000
2,532,0.0000
2,533,0.0500
2,534,0.0000
2,535,1.9800
2,536,1.6300
2,537,0.1500
2,538,0.0000
2,539,0.0000
2,540,0.9200
2,541,3.3500
2,542,0.0000
2,543,0.0000
2,544,0.0000
2,545,0.0200
2,546,0.0000
2,547,0.0000
2,548,0.3200
2,549,0.0800
2,550,0.6300
2,551,0.1800
2,552,0.0000
2,553,0.0700
2,554,0.0000
2,555,0.0000
2,556,0.0000
2,557,0.1000
2,558,0.1700
2,559,0.0000
2,560,0.0500
2,561,0.1000
2,562,0.0000
2,563,0.0000
2,564,0.0000
2,565,0.0000
2,566,0.0000
2,567,0.0000
2,568,0.0000
2,569,0.0000
2,570,0.0000
2,571,0.0000
2,572,0.0000
2,573,0.0000
2,574,0.0000
2,575,0.0000
2,576,0.0000
2,577,0.0000
2,578,0.0000
2,579,0.0000
2,580,0.0000
2,581,0.0000
2,582,0.0000
2,583,0.0000
2,584,1.0200
2,585,0.0000
2,586,0.0000
2,587,0.0000
2,588,0.0000
2,589,0.3000
2,590,0.0000
2,591,0.0000
2,592,0.0000
2,593,0.1500
2,594,0.9000
2,595,2.3800
2,596,0.0000
2,597,0.0000
2,598,0.0000
2,599,0.8000
2,600,0.0000
2,601,0.0000
2,602,0.0000
2,603,0.0800
2,604,0.0000
2,605,0.0000
2,606,0.0000
2,607,0.0000
2,608,0.0000
2,609,0.0000
2,610,0.0000
2,611,0.0000
2,612,0.0000
2,613,0.0000
2,614,0.0000
2,615,0.0000
2,616,0.0000
2,617,0.3800
2,618,0.6700
2,619,0.0000
2,620,0.0000
2,621,0.0000
2,622,0.0000
2,623,0.0000
2,624,0.4500
2,625,0.3300
2,626,0.0000
2,627,0.0000
2,628,0.0800
2,629,0.0000
2,630,0.0000
2,631,0.0000
2,632,0.0000
2,633,0.3800
2,634,0.0000
2,635,0.0000
2,636,0.0000
2,637,0.0000
2,638,0.0000
2,639,0.6000
2,640,0.0200
2,641,0.0000
2,642,0.0000
2,643,0.1300
2,644,0.1000
2,645,0.0000
2,646,0.0000
2,647,0.0000
2,648,0.0000
2,649,2.9800
2,650,0.0000
2,651,0.0000
2,652,0.0000
2,653,0.0000
2,654,0.0000
2,655,0.0000
2,656,0.0000
2,657,0.0000
2,658,0.0000
2,659,0.0000
2,660,0.0000
2,661,0.0000
2,662,0.0000
2,663,0.0000
2,664,0.0000
2,665,0.8500
2,666,0.0000
2,667,0.0000
2,668,0.0000
2,669,0.0000
2,670,0.0000
2,671,0.0000
2,672,0.0000
2,673,0.0000
2,674,0.0000
2,675,0.0000
2,676,0.0000
2,677,0.0000
2,678,0.0000
2,679,0.0000
2,680,0.0000
2,681,0.0000
2,682,0.0000
2,683,0.0000
2,684,0.0000
2,685,0.1000
2,686,0.0000
2,687,0.0000
2,688,0.0000
2,689,0.0000
2,690,0.0500
2,691,0.0000
2,692,0.0000
2,693,0.0000
2,694,0.0000
2,695,0.0000
2,696,0.0000
2,697,0.0000
2,698,0.0000
2,699,0.0000
2,700,0.0000
2,701,0.0000
2,702,0.0000
2,703,0.0000
2,704,0.4500
2,705,0.0000
2,706,0.0000
2,707,0.0000
2,708,0.0000
2,709,0.0000
2,710,0.0000
2,711,0.0000
2,712,0.0000
2,713,0.0000
2,714,0.0000
2,715,0.0000
2,716,0.0000
2,717,0.0000
2,718,0.0000
2,719,0.0000
2,720,0.0000
2,721,0.0000
2,722,0.0000
2,723,0.0000
2,724,0.0000
2,725,0.0000
2,726,0.0000
2,727,0.0000
2,728,0.0500
2,729,0.0000
2,730,0.0000
3,731,0.0000
3,732,0.0000
3,733,0.0000
3,734,0.0000
3,735,0.0000
3,736,0.0000
3,737,0.0000
3,738,0.3200
3,739,0.0000
3,740,0.0800
3,741,0.0000
3,742,0.0000
3,743,0.0000
3,744,0.0000
3,745,0.0000
3,746,0.0000
3,747,0.0000
3,748,0.0000
3,749,0.0000
3,750,0.0000
3,751,0.0000
3,752,0.0000
3,753,0.0000
3,754,0.0000
3,755,0.0000
3,756,0.0000
3,757,0.0000
3,758,0.0000
3,759,0.0000
3,760,0.0000
3,761,0.0000
3,762,0.0000
3,763,0.0000
3,764,0.0000
3,765,0.0000
3,766,0.0000
3,767,0.0000
3,768,0.0000
3,769,0.0000
3,770,0.0000
3,771,0.0000
3,772,0.0000
3,773,0.0000
3,774,0.0000
3,775,0.0000
3,776,0.0000
3,777,0.0000
3,778,0.0000
3,779,0.0000
3,780,0.0000
3,781,0.0000
3,782,0.0000
3,783,0.0000
3,784,0.0000
3,785,0.0000
3,786,0.0000
3,787,0.0000
3,788,0.0000
3,789,0.0000
3,790,0.0000
3,791,0.0000
3,792,0.0000
3,793,0.0000
3,794,0.0000
3,795,0.0000
3,796,0.0000
3,797,0.0000
3,798,0.0000
3,799,0.0000
3,800,0.0000
3,801,1.1300
3,802,0.0000
3,803,0.0000
3,804,0.0000
3,805,0.0000
3,806,0.0000
3,807,0.0000
3,808,0.0000
3,809,0.0000
3,810,0.0000
3,811,0.0000
3,812,0.0000
3,813,0.0000
3,814,0.0000
3,815,0.0000
3,816,0.0800
3,817,0.0000
3,818,0.0800
3,819,0.0000
3,820,0.0000
3,821,0.0000
3,822,0.0000
3,823,0.0500
3,824,0.0000
3,825,0.0000
3,826,0.0000
3,827,0.0000
3,828,0.0000
3,829,0.0000
3,830,0.0000
3,831,0.0000
3,832,0.0000
3,833,0.0000
3,834,0.0000
3,835,0.0000
3,836,0.0000
3,837,0.0000
3,838,0.0000
3,839,0.0000
3,840,0.0000
3,841,1.8800
3,842,2.8000
3,843,0.0300
3,844,1.0800
3,845,0.1500
3,846,1.4500
3,847,0.3300
3,848,0.0000
3,849,4.5000
3,850,0.0000
3,851,0.0000
3,852,1.3000
3,853,0.0000
3,854,0.0000
3,855,0.2300
3,856,0.0300
3,857,0.0000
3,858,0.0500
3,859,0.0000
3,860,0.1800
3,861,0.0000
3,862,0.0000
3,863,0.0000
3,864,0.0000
3,865,2.3500
3,866,2.0000
3,867,0.0000
3,868,0.0000
3,869,0.0000
3,870,0.0000
3,871,0.0000
3,872,1.9000
3,873,1.1500
3,874,0.0000
3,875,0.0000
3,876,0.0000
3,877,1.2500
3,878,0.3500
3,879,0.5200
3,880,2.9500
3,881,0.3300
3,882,0.1200
3,883,0.0000
3,884,0.0000
3,885,0.0000
3,886,0.0000
3,887,1.3500
3,888,0.0000
3,889,0.0000
3,890,0.0000
3,891,2.6300
3,892,0.0000
3,893,0.0000
3,894,0.0000
3,895,0.2300
3,896,0.0000
3,897,1.1000
3,898,0.1800
3,899,0.8800
3,900,0.1300
3,901,0.1500
3,902,0.0800
3,903,0.0000
3,904,0.9300
3,905,0.2000
3,906,1.3000
3,907,0.0000
3,908,0.0000
3,909,0.0000
3,910,0.0000
3,911,0.0000
3,912,3.2100
3,913,0.0800
3,914,0.0000
3,915,0.0000
3,916,0.0000
3,917,0.0000
3,918,0.0000
3,919,0.0000
3,920,0.0000
3,921,1.2300
3,922,0.0000
3,923,4.1000
3,924,0.0000
3,925,0.0000
3,926,0.0000
3,927,0.0000
3,928,0.0000
3,929,0.0000
3,930,0.0000
3,931,0.0000
3,932,0.0000
3,933,0.0000
3,934,0.0000
3,935,0.0000
3,936,0.0000
3,937,0.0000
3,938,0.0000
3,939,0.4800
3,940,1.8500
3,941,0.0500
3,942,0.0000
3,943,0.0000
3,944,0.0000
3,945,0.0000
3,946,0.0000
3,947,3.0000
3,948,1.6300
3,949,0.0000
3,950,0.0000
3,951,0.0000
3,952,0.0000
3,953,0.0000
3,954,0.2500
3,955,0.0000
3,956,0.0000
3,957,0.0000
3,958,0.0000
3,959,0.0000
3,960,0.0000
3,961,0.0000
3,962,0.0500
3,963,0.0000
3,964,0.0000
3,965,0.0000
3,966,0.0000
3,967,0.0000
3,968,0.0000
3,969,0.2500
3,970,0.1500
3,971,0.0000
3,972,0.0000
3,973,0.0000
3,974,0.0000
3,975,0.0000
3,976,0.0000
3,977,0.0000
3,978,0.0000
3,979,0.0000
3,980,0.0000
3,981,0.0000
3,982,0.0000
3,983,0.0000
3,984,0.0000
3,985,0.0000
3,986,0.0000
3,987,0.0000
3,988,0.0000
3,989,0.0000
3,990,0.0000
3,991,0.0000
3,992,0.0000
3,993,0.0000
3,994,0.0000
3,995,0.0000
3,996,0.0000
3,997,0.0000
3,998,0.0000
3,999,0.0000
3,1000,0.0000
3,1001,0.0000
3,1002,0.0000
3,1003,0.0000
3,1004,0.0000
3,1005,0.0000
3,1006,0.0000
3,1007,0.0000
3,1008,0.0000
3,1009,0.0000
3,1010,0.0000
3,1011,0.1500
3,1012,0.0000
3,1013,0.0000
3,1014,0.0000
3,1015,0.0000
3,1016,0.2000
3,1017,0.0000
3,1018,0.0500
3,1019,0.0000
3,1020,0.0000
3,1021,0.0000
3,1022,0.0000
3,1023,0.0000
3,1024,0.0000
3,1025,0.0000
3,1026,0.0000
3,1027,0.0000
3,1028,0.0000
3,1029,0.0000
3,1030,0.0000
3,1031,0.0000
3,1032,0.0000
3,1033,0.0000
3,1034,0.0000
3,1035,0.0000
3,1036,0.0000
3,1037,0.0000
3,1038,0.0000
3,1039,0.0000
3,1040,0.0000
3,1041,0.0000
3,1042,0.0000
3,1043,0.0000
3,1044,0.0000
3,1045,0.0000
3,1046,0.0000
3,1047,0.0000
3,1048,0.0000
3,1049,0.0000
3,1050,0.0000
3,1051,0.0000
3,1052,0.0300
3,1053,0.0000
3,1054,0.0000
3,1055,0.0000
3,1056,0.0000
3,1057,0.0000
3,1058,0.0000
3,1059,0.0000
3,1060,0.0000
3,1061,0.0000
3,1062,0.0000
3,1063,0.0000
3,1064,0.0300
3,1065,0.0000
3,1066,0.0000
3,1067,0.0000
3,1068,0.0000
3,1069,0.0000
3,1070,0.0000
3,1071,0.1800
3,1072,0.0000
3,1073,0.0000
3,1074,0.0000
3,1075,0.0000
3,1076,0.0000
3,1077,0.0000
3,1078,0.0000
3,1079,0.0000
3,1080,0.0000
3,1081,0.0000
3,1082,0.0000
3,1083,0.0000
3,1084,0.0000
3,1085,0.0000
3,1086,0.0000
3,1087,0.0000
3,1088,0.0000
3,1089,0.0000
3,1090,0.0000
3,1091,0.0000
3,1092,0.0000
3,1093,0.0000
3,1094,0.0000
3,1095,0.0000
4,1096,0.0000
4,1097,0.0000
4,1098,0.0000
4,1099,0.0000
4,1100,0.0000
4,1101,0.0000
4,1102,0.0000
4,1103,0.0000
4,1104,0.0000
4,1105,0.0000
4,1106,0.0000
4,1107,0.0000
4,1108,0.0000
4,1109,0.0000
4,1110,0.0000
4,1111,0.0000
4,1112,0.0000
4,1113,0.0000
4,1114,0.0000
4,1115,0.0000
4,1116,0.0000
4,1117,0.0000
4,1118,0.0000
4,1119,0.0000
4,1120,0.0000
4,1121,0.0000
4,1122,0.0000
4,1123,0.0000
4,1124,0.0000
4,1125,0.0000
4,1126,0.0000
4,1127,0.0000
4,1128,0.0000
4,1129,0.0000
4,1130,0.0000
4,1131,0.0000
4,1132,1.9000
4,1133,0.2300
4,1134,2.9500
4,1135,0.2000
4,1136,0.0000
4,1137,0.0000
4,1138,0.0000
4,1139,0.0000
4,1140,0.0000
4,1141,0.0000
4,1142,0.0000
4,1143,0.0000
4,1144,0.0000
4,1145,0.0000
4,1146,0.0000
4,1147,0.0000
4,1148,0.0000
4,1149,0.0000
4,1150,0.0000
4,1151,0.0000
4,1152,0.0000
4,1153,0.0000
4,1154,0.0000
4,1155,0.0000
4,1156,0.0000
4,1157,0.0000
4,1158,0.0000
4,1159,0.0000
4,1160,0.0000
4,1161,0.0000
4,1162,0.0000
4,1163,0.0000
4,1164,0.0000
4,1165,0.0000
4,1166,0.0300
4,1167,0.0000
4,1168,0.0000
4,1169,0.0000
4,1170,0.0000
4,1171,0.0000
4,1172,0.3500
4,1173,0.0000
4,1174,0.0000
4,1175,0.0000
4,1176,0.0000
4,1177,0.0000
4,1178,0.0000
4,1179,0.0000
4,1180,0.0000
4,1181,0.0000
4,1182,0.0000
4,1183,0.0000
4,1184,0.0000
4,1185,0.0000
4,1186,0.0000
4,1187,0.0000
4,1188,0.0000
4,1189,0.0000
4,1190,0.0000
4,1191,0.0000
4,1192,0.0000
4,1193,0.0000
4,1194,0.0000
4,1195,0.0000
4,1196,0.1800
4,1197,0.0000
4,1198,0.0000
4,1199,1.0800
4,1200,0.1300
4,1201,0.7500
4,1202,3.6000
4,1203,0.0000
4,1204,4.0000
4,1205,2.2500
4,1206,0.6300
4,1207,0.4300
4,1208,1.8200
4,1209,2.1000
4,1210,0.6500
4,1211,6.4000
4,1212,0.2800
4,1213,3.4000
4,1214,4.6500
4,1215,2.2500
4,1216,1.2500
4,1217,5.6000
4,1218,1.0300
4,1219,4.2800
4,1220,1.5000
4,1221,4.1500
4,1222,0.8800
4,1223,0.0300
4,1224,1.7200
4,1225,0.0000
4,1226,0.3500
4,1227,0.0000
4,1228,0.0000
4,1229,0.0000
4,1230,0.0000
4,1231,2.3000
4,1232,0.0000
4,1233,0.0000
4,1234,1.2000
4,1235,0.0000
4,1236,0.0000
4,1237,0.0000
4,1238,0.0000
4,1239,0.0000
4,1240,0.0000
4,1241,0.3500
4,1242,1.4500
4,1243,1.7300
4,1244,0.0000
4,1245,0.0000
4,1246,0.0700
4,1247,0.0000
4,1248,0.0000
4,1249,0.0000
4,1250,0.0000
4,1251,0.0000
4,1252,0.0500
4,1253,0.0000
4,1254,0.1800
4,1255,1.2000
4,1256,0.0000
4,1257,0.0000
4,1258,0.0000
4,1259,0.0000
4,1260,0.7800
4,1261,0.0000
4,1262,0.0000
4,1263,0.0000
4,1264,0.4000
4,1265,0.0000
4,1266,0.0000
4,1267,0.0000
4,1268,0.0000
4,1269,0.0000
4,1270,0.0000
4,1271,0.0000
4,1272,0.0300
4,1273,0.0000
4,1274,0.0000
4,1275,0.0000
4,1276,0.0000
4,1277,0.0000
4,1278,0.0000
4,1279,0.0000
4,1280,0.0000
4,1281,0.0000
4,1282,0.0000
4,1283,0.0000
4,1284,2.9300
4,1285,0.0000
4,1286,0.0000
4,1287,0.0000
4,1288,0.0000
4,1289,0.0000
4,1290,0.0000
4,1291,0.0000
4,1292,2.6300
4,1293,0.0000
4,1294,0.0000
4,1295,0.0000
4,1296,0.0000
4,1297,0.0000
4,1298,0.0000
4,1299,0.0000
4,1300,0.0000
4,1301,0.0000
4,1302,0.0000
4,1303,0.0000
4,1304,0.0000
4,1305,0.0000
4,1306,0.0000
4,1307,0.0000
4,1308,0.0000
4,1309,0.0000
4,1310,0.0000
4,1311,0.0000
4,1312,0.0000
4,1313,0.0000
4,1314,0.0000
4,1315,0.0000
4,1316,0.0000
4,1317,0.0000
4,1318,1.4000
4,1319,0.0000
4,1320,1.2500
4,1321,0.0000
4,1322,0.0000
4,1323,0.0000
4,1324,0.0000
4,1325,0.0000
4,1326,0.0000
4,1327,0.0000
4,1328,0.1800
4,1329,0.2500
4,1330,0.0000
4,1331,0.0000
4,1332,0.0000
4,1333,3.0800
4,1334,0.4000
4,1335,0.0000
4,1336,0.0000
4,1337,0.0000
4,1338,0.0000
4,1339,0.0000
4,1340,0.0000
4,1341,2.1800
4,1342,0.0500
4,1343,0.1500
4,1344,0.0000
4,1345,0.1800
4,1346,0.0000
4,1347,0.0000
4,1348,0.0000
4,1349,0.0000
4,1350,0.0000
4,1351,0.0000
4,1352,0.0000
4,1353,0.0000
4,1354,0.0500
4,1355,0.0300
4,1356,0.1000
4,1357,0.2300
4,1358,0.0000
4,1359,0.0000
4,1360,0.1000
4,1361,0.0000
4,1362,0.0000
4,1363,0.0000
4,1364,0.0000
4,1365,0.0200
4,1366,0.0200
4,1367,0.0000
4,1368,0.0000
4,1369,0.0000
4,1370,0.3000
4,1371,0.0000
4,1372,0.0000
4,1373,0.0300
4,1374,0.0000
4,1375,0.0000
4,1376,0.0000
4,1377,0.0000
4,1378,0.0000
4,1379,0.0000
4,1380,0.0000
4,1381,0.0000
4,1382,0.0000
4,1383,0.2500
4,1384,0.0000
4,1385,1.1000
4,1386,0.0500
4,1387,0.0000
4,1388,0.0000
4,1389,0.0000
4,1390,0.0000
4,1391,0.0000
4,1392,0.0000
4,1393,0.0300
4,1394,0.0300
4,1395,0.0000
4,1396,0.0000
4,1397,0.0000
4,1398,0.0000
4,1399,0.2000
4,1400,0.0000
4,1401,0.3500
4,1402,0.5000
4,1403,0.0000
4,1404,0.0000
4,1405,0.0000
4,1406,0.0000
4,1407,0.1000
4,1408,0.7300
4,1409,0.0000
4,1410,0.1300
4,1411,0.0300
4,1412,0.0000
4,1413,0.0000
4,1414,0.0000
4,1415,0.0000
4,1416,0.0000
4,1417,0.1500
4,1418,0.0000
4,1419,0.0000
4,1420,0.0000
4,1421,0.0000
4,1422,0.0000
4,1423,0.1500
4,1424,0.0500
4,1425,0.0000
4,1426,0.0000
4,1427,0.0000
4,1428,0.0000
4,1429,0.0000
4,1430,0.0000
4,1431,0.0000
4,1432,0.0000
4,1433,0.0000
4,1434,0.1800
4,1435,0.0000
4,1436,0.0000
4,1437,0.0000
4,1438,0.0000
4,1439,0.0000
4,1440,0.0500
4,1441,0.0000
4,1442,0.0000
4,1443,0.0000
4,1444,0.0000
4,1445,0.0000
4,1446,0.0000
4,1447,0.0000
4,1448,0.0000
4,1449,0.0000
4,1450,0.0000
4,1451,0.0000
4,1452,0.0000
4,1453,0.0000
4,1454,0.0000
4,1455,0.0000
4,1456,0.0000
4,1457,0.0000
4,1458,0.0000
4,1459,0.0000
4,1460,0.0000
5,1461,0.0000
5,1462,0.0000
5,1463,0.0000
5,1464,0.0000
5,1465,0.0000
5,1466,0.0000
5,1467,0.0000
5,1468,0.0000
5,1469,0.0000
5,1470,0.0000
5,1471,0.0000
5,1472,0.0000
5,1473,0.0000
5,1474,0.0000
5,1475,0.0000
5,1476,0.0000
5,1477,0.0000
5,1478,0.0000
5,1479,0.0000
5,1480,0.0000
5,1481,0.0000
5,1482,0.0000
5,1483,0.0000
5,1484,0.0000
5,1485,0.0000
5,1486,0.0000
5,1487,0.0000
5,1488,0.0000
5,1489,0.0000
5,1490,0.0000
5,1491,0.0000
5,1492,0.0000
5,1493,0.0000
5,1494,0.0000
5,1495,0.0000
5,1496,0.0000
5,1497,0.0000
5,1498,0.0000
5,1499,0.0000
5,1500,0.4000
5,1501,0.0000
5,1502,0.0000
5,1503,0.0000
5,1504,0.0000
5,1505,0.0000
5,1506,0.0000
5,1507,0.0000
5,1508,0.0000
5,1509,0.0000
5,1510,0.0000
5,1511,0.0000
5,1512,0.0000
5,1513,0.0000
5,1514,0.3000
5,1515,0.0000
5,1516,0.1200
5,1517,0.0000
5,1518,0.0000
5,1519,0.0000
5,1520,0.0800
5,1521,0.2700
5,1522,0.0000
5,1523,0.0000
5,1524,0.0000
5,1525,0.0000
5,1526,0.0000
5,1527,0.0000
5,1528,0.0000
5,1529,0.0000
5,1530,0.0000
5,1531,0.0000
5,1532,0.0000
5,1533,0.0000
5,1534,0.0000
5,1535,0.0000
5,1536,0.0000
5,1537,0.0000
5,1538,0.0000
5,1539,0.0000
5,1540,0.0000
5,1541,0.0000
5,1542,0.0000
5,1543,0.0000
5,1544,0.0000
5,1545,0.0000
5,1546,0.0000
5,1547,0.0000
5,1548,0.0000
5,1549,0.0000
5,1550,0.0000
5,1551,1.9500
5,1552,0.2800
5,1553,0.0000
5,1554,0.0000
5,1555,0.0000
5,1556,0.0000
5,1557,0.0000
5,1558,0.0000
5,1559,0.0000
5,1560,0.0000
5,1561,0.0000
5,1562,0.0000
5,1563,0.8200
5,1564,0.0000
5,1565,0.0000
5,1566,0.0300
5,1567,0.2800
5,1568,0.0000
5,1569,0.0000
5,1570,0.0000
5,1571,0.0000
5,1572,3.8500
5,1573,0.0000
5,1574,0.0000
5,1575,0.0000
5,1576,0.0000
5,1577,0.0000
5,1578,0.0000
5,1579,0.0000
5,1580,0.0000
5,1581,0.0000
5,1582,0.0300
5,1583,0.0000
5,1584,0.0000
5,1585,0.0000
5,1586,0.5600
5,1587,0.0000
5,1588,0.1000
5,1589,0.0000
5,1590,0.0000
5,1591,0.0000
5,1592,0.0000
5,1593,0.0000
5,1594,0.0000
5,1595,0.2800
5,1596,0.0000
5,1597,0.0000
5,1598,0.0000
5,1599,2.7000
5,1600,0.1300
5,1601,0.2100
5,1602,0.0000
5,1603,0.0000
5,1604,0.0000
5,1605,0.0000
5,1606,0.0000
5,1607,0.0000
5,1608,0.0000
5,1609,0.0000
5,1610,0.0000
5,1611,0.0000
5,1612,0.0000
5,1613,0.0000
5,1614,0.0000
5,1615,0.0000
5,1616,0.0000
5,1617,0.0000
5,1618,0.0000
5,1619,0.0000
5,1620,0.0000
5,1621,0.0000
5,1622,0.0000
5,1623,0.0000
5,1624,1.7200
5,1625,0.0000
5,1626,0.0000
5,1627,0.0000
5,1628,0.0000
5,1629,6.4500
5,1630,1.2300
5,1631,3.0300
5,1632,0.5000
5,1633,0.3500
5,1634,0.0000
5,1635,1.0300
5,1636,0.0000
5,1637,1.0800
5,1638,0.6700
5,1639,0.0000
5,1640,0.0000
5,1641,3.3500
5,1642,0.2300
5,1643,2.0000
5,1644,1.8300
5,1645,0.0000
5,1646,0.0000
5,1647,0.0000
5,1648,0.0000
5,1649,0.0000
5,1650,0.0000
5,1651,0.0000
5,1652,0.0000
5,1653,0.0000
5,1654,0.0000
5,1655,0.0000
5,1656,0.0000
5,1657,0.0000
5,1658,0.0000
5,1659,0.0000
5,1660,0.0000
5,1661,0.0000
5,1662,0.0000
5,1663,0.0000
5,1664,0.0000
5,1665,0.0000
5,1666,0.0000
5,1667,0.0000
5,1668,0.0000
5,1669,0.0000
5,1670,0.0000
5,1671,0.0000
5,1672,0.0000
5,1673,0.0000
5,1674,0.0000
5,1675,0.0000
5,1676,0.7300
5,1677,0.7200
5,1678,1.0300
5,1679,0.4000
5,1680,0.7200
5,1681,0.0000
5,1682,0.0000
5,1683,0.2300
5,1684,0.0000
5,1685,0.0000
5,1686,0.0000
5,1687,1.0200
5,1688,0.0000
5,1689,1.2400
5,1690,0.0000
5,1691,0.0000
5,1692,0.0000
5,1693,0.0000
5,1694,0.0000
5,1695,1.7200
5,1696,0.0000
5,1697,0.0000
5,1698,0.0000
5,1699,0.0000
5,1700,0.0000
5,1701,0.0000
5,1702,0.0000
5,1703,0.0000
5,1704,0.0000
5,1705,0.0300
5,1706,1.7300
5,1707,0.0000
5,1708,0.0000
5,1709,0.0000
5,1710,0.0000
5,1711,0.0000
5,1712,0.0800
5,1713,0.0000
5,1714,0.0000
5,1715,0.0000
5,1716,0.0000
5,1717,0.8300
5,1718,2.2000
5,1719,0.0000
5,1720,0.0800
5,1721,0.0500
5,1722,0.3000
5,1723,0.0000
5,1724,0.0000
5,1725,0.1800
5,1726,0.0000
5,1727,0.0000
5,1728,0.0000
5,1729,0.4300
5,1730,0.0000
5,1731,0.8300
5,1732,0.0800
5,1733,0.0000
5,1734,0.0000
5,1735,0.0000
5,1736,0.0000
5,1737,0.0000
5,1738,0.0000
5,1739,0.0000
5,1740,0.0000
5,1741,0.0000
5,1742,0.6200
5,1743,0.3300
5,1744,0.0000
5,1745,0.0000
5,1746,0.0000
5,1747,0.0000
5,1748,0.0000
5,1749,0.0000
5,1750,0.0000
5,1751,0.0000
5,1752,0.0000
5,1753,0.0000
5,1754,0.0000
5,1755,0.0000
5,1756,0.0000
5,1757,0.0000
5,1758,0.0000
5,1759,0.0000
5,1760,0.0000
5,1761,0.0000
5,1762,0.0000
5,1763,0.0000
5,1764,0.0000
5,1765,0.0000
5,1766,0.2300
5,1767,0.0000
5,1768,0.0000
5,1769,0.0000
5,1770,0.0000
5,1771,0.0000
5,1772,0.0000
5,1773,0.0000
5,1774,0.0000
5,1775,0.0000
5,1776,0.0000
5,1777,0.0000
5,1778,0.0000
5,1779,0.0000
5,1780,0.0000
5,1781,0.0000
5,1782,0.1800
5,1783,0.0000
5,1784,0.0000
5,1785,0.0000
5,1786,0.7300
5,1787,0.0500
5,1788,0.0000
5,1789,0.5800
5,1790,0.0000
5,1791,0.0000
5,1792,0.0000
5,1793,0.0000
5,1794,0.0000
5,1795,0.0000
5,1796,0.0000
5,1797,0.0000
5,1798,0.0000
5,1799,0.0000
5,1800,0.0000
5,1801,0.0000
5,1802,0.0000
5,1803,0.0000
5,1804,0.0000
5,1805,0.0000
5,1806,0.0000
5,1807,0.0000
5,1808,0.0000
5,1809,0.0300
5,1810,0.0000
5,1811,0.0000
5,1812,0.0000
5,1813,0.0000
5,1814,0.0000
5,1815,0.0000
5,1816,0.0000
5,1817,0.0000
5,1818,0.0000
5,1819,0.0000
5,1820,0.0000
5,1821,0.0000
5,1822,0.0000
5,1823,0.0000
5,1824,0.0000
5,1825,0.0000
6,1826,0.0000
6,1827,0.0000
6,1828,0.0000
6,1829,0.0000
6,1830,0.0000
6,1831,0.0000
6,1832,0.0000
6,1833,0.0000
6,1834,0.0000
6,1835,0.0000
6,1836,0.0000
6,1837,0.0000
6,1838,0.0000
6,1839,0.0000
6,1840,0.0000
6,1841,0.0000
6,1842,0.0000
6,1843,0.0000
6,1844,0.0000
6,1845,0.0000
6,1846,0.0000
6,1847,0.0000
6,1848,0.0000
6,1849,0.0000
6,1850,0.0000
6,1851,0.0000
6,1852,0.0000
6,1853,0.0000
6,1854,0.0000
6,1855,0.0000
6,1856,0.0000
6,1857,0.0000
6,1858,0.0000
6,1859,0.0000
6,1860,0.0000
6,1861,0.0000
6,1862,0.0000
6,1863,0.0000
6,1864,0.0000
6,1865,0.0000
6,1866,0.0000
6,1867,0.0000
6,1868,0.0000
6,1869,0.0000
6,1870,0.0000
6,1871,0.0000
6,1872,0.0000
6,1873,0.0000
6,1874,0.0000
6,1875,0.0000
6,1876,0.0000
6,1877,0.0000
6,1878,0.0000
6,1879,0.0000
6,1880,0.0000
6,1881,0.4800
6,1882,0.0000
6,1883,0.0000
6,1884,0.0300
6,1885,0.0000
6,1886,0.0000
6,1887,0.0000
6,1888,0.0000
6,1889,0.0000
6,1890,0.0000
6,1891,0.5500
6,1892,0.6000
6,1893,2.8800
6,1894,1.9000
6,1895,1.2800
6,1896,0.0000
6,1897,0.0000
6,1898,0.0000
6,1899,0.0000
6,1900,0.0000
6,1901,0.0000
6,1902,0.0000
6,1903,0.0000
6,1904,0.0000
6,1905,0.0000
6,1906,0.1300
6,1907,0.0000
6,1908,0.0000
6,1909,0.0000
6,1910,0.0000
6,1911,0.0000
6,1912,0.0000
6,1913,0.0000
6,1914,0.0000
6,1915,1.3300
6,1916,0.0000
6,1917,0.0000
6,1918,0.0000
6,1919,0.0000
6,1920,0.0000
6,1921,0.0000
6,1922,0.0000
6,1923,0.0000
6,1924,0.0000
6,1925,0.0000
6,1926,0.0000
6,1927,0.8800
6,1928,0.0000
6,1929,0.0000
6,1930,0.0000
6,1931,0.0000
6,1932,0.0000
6,1933,0.0000
6,1934,0.0000
6,1935,0.0000
6,1936,0.0000
6,1937,0.0000
6,1938,0.0000
6,1939,0.0000
6,1940,0.0000
6,1941,0.0000
6,1942,0.0000
6,1943,0.0000
6,1944,0.0300
6,1945,0.0000
6,1946,0.0000
6,1947,0.0000
6,1948,0.0000
6,1949,0.0000
6,1950,0.0000
6,1951,0.0000
6,1952,0.0000
6,1953,1.1800
6,1954,0.0000
6,1955,3.0500
6,1956,0.0000
6,1957,0.0000
6,1958,0.0000
6,1959,0.0000
6,1960,0.0000
6,1961,0.4800
6,1962,0.7300
6,1963,0.3300
6,1964,0.0500
6,1965,0.0000
6,1966,0.0300
6,1967,4.3000
6,1968,0.0000
6,1969,0.0000
6,1970,0.0000
6,1971,0.0800
6,1972,0.0000
6,1973,1.5300
6,1974,0.0000
6,1975,0.5000
6,1976,0.0000
6,1977,1.9500
6,1978,0.0800
6,1979,0.0000
6,1980,0.1300
6,1981,0.0800
6,1982,0.0000
6,1983,0.0000
6,1984,0.0000
6,1985,0.0000
6,1986,0.2500
6,1987,0.0000
6,1988,0.0000
6,1989,0.3000
6,1990,1.5500
6,1991,0.0000
6,1992,0.0000
6,1993,0.3300
6,1994,1.6500
6,1995,1.2300
6,1996,0.1000
6,1997,1.0800
6,1998,0.1300
6,1999,0.7300
6,2000,4.1800
6,2001,0.0000
6,2002,0.0300
6,2003,0.0000
6,2004,0.9800
6,2005,0.7000
6,2006,0.0500
6,2007,0.9000
6,2008,0.0500
6,2009,0.0000
6,2010,0.0300
6,2011,0.0000
6,2012,5.2000
6,2013,0.4800
6,2014,1.9500
6,2015,0.0000
6,2016,3.8300
6,2017,0.0000
6,2018,0.0000
6,2019,0.0000
6,2020,0.0000
6,2021,0.0000
6,2022,0.0000
6,2023,1.2000
6,2024,0.0000
6,2025,0.0000
6,2026,0.1300
6,2027,0.5800
6,2028,0.8000
6,2029,0.0000
6,2030,0.2800
6,2031,0.0000
6,2032,0.0000
6,2033,0.0000
6,2034,0.0000
6,2035,0.0000
6,2036,0.5500
6,2037,0.0000
6,2038,0.1300
6,2039,0.0800
6,2040,0.0000
6,2041,0.0000
6,2042,0.0000
6,2043,0.0000
6,2044,0.0000
6,2045,0.0500
6,2046,0.0000
6,2047,0.0000
6,2048,0.0000
6,2049,0.0000
6,2050,0.2300
6,2051,1.6500
6,2052,0.0500
6,2053,0.7800
6,2054,0.3500
6,2055,0.0500
6,2056,0.0000
6,2057,0.0300
6,2058,0.0000
6,2059,0.0000
6,2060,0.0000
6,2061,0.0000
6,2062,0.0000
6,2063,0.0300
6,2064,0.0000
6,2065,0.0000
6,2066,0.0000
6,2067,0.0000
6,2068,0.0000
6,2069,0.0000
6,2070,0.0000
6,2071,0.0000
6,2072,0.0000
6,2073,0.0000
6,2074,0.0000
6,2075,0.1500
6,2076,0.5300
6,2077,0.0300
6,2078,0.0000
6,2079,0.0000
6,2080,0.0000
6,2081,0.2500
6,2082,0.0000
6,2083,0.0000
6,2084,0.0000
6,2085,0.1000
6,2086,0.3000
6,2087,0.3000
6,2088,0.1000
6,2089,0.0000
6,2090,0.0800
6,2091,0.4800
6,2092,0.1000
6,2093,0.0300
6,2094,0.0000
6,2095,0.0000
6,2096,0.0300
6,2097,0.0000
6,2098,0.0000
6,2099,0.0000
6,2100,0.0000
6,2101,0.0500
6,2102,0.0000
6,2103,0.0000
6,2104,0.0000
6,2105,0.0000
6,2106,0.0000
6,2107,0.0000
6,2108,0.0300
6,2109,0.0000
6,2110,0.0000
6,2111,0.3000
6,2112,0.0000
6,2113,0.0000
6,2114,0.0000
6,2115,0.1800
6,2116,0.0800
6,2117,0.0000
6,2118,0.0000
6,2119,0.0000
6,2120,0.0000
6,2121,0.0000
6,2122,0.4300
6,2123,0.0000
6,2124,0.0000
6,2125,0.5500
6,2126,0.0000
6,2127,0.0000
6,2128,0.0000
6,2129,0.0000
6,2130,0.0000
6,2131,0.0000
6,2132,0.0000
6,2133,0.0000
6,2134,0.0000
6,2135,0.0000
6,2136,0.0000
6,2137,0.0000
6,2138,0.0000
6,2139,0.0000
6,2140,0.0000
6,2141,0.0300
6,2142,0.0000
6,2143,0.0000
6,2144,0.0000
6,2145,0.0000
6,2146,0.0000
6,2147,0.0000
6,2148,0.0000
6,2149,0.0000
6,2150,0.0000
6,2151,0.0000
6,2152,0.0000
6,2153,0.0000
6,2154,0.0000
6,2155,0.0000
6,2156,0.0000
6,2157,0.0000
6,2158,0.0000
6,2159,0.0000
6,2160,0.0000
6,2161,0.0000
6,2162,0.0000
6,2163,0.0000
6,2164,0.0000
6,2165,0.0000
6,2166,0.0000
6,2167,0.0000
6,2168,0.0000
6,2169,0.2500
6,2170,0.3000
6,2171,0.2000
6,2172,0.0000
6,2173,0.0000
6,2174,0.0000
6,2175,0.0000
6,2176,0.0000
6,2177,0.1500
6,2178,0.0000
6,2179,0.0000
6,2180,0.0000
6,2181,0.0000
6,2182,0.0000
6,2183,0.0000
6,2184,0.0000
6,2185,0.0000
6,2186,0.0000
6,2187,0.0000
6,2188,0.0000
6,2189,0.0000
6,2190,0.0000
7,2191,0.0000
7,2192,0.0000
7,2193,0.0000
7,2194,0.0000
7,2195,0.0000
7,2196,0.0000
7,2197,0.0000
7,2198,0.0000
7,2199,0.0000
7,2200,0.0000
7,2201,0.0000
7,2202,0.0000
7,2203,0.0000
7,2204,0.0000
7,2205,0.0000
7,2206,0.0000
7,2207,0.0000
7,2208,0.0000
7,2209,0.0000
7,2210,0.0000
7,2211,0.0000
7,2212,0.0000
7,2213,0.2300
7,2214,0.0500
7,2215,0.0000
7,2216,0.0000
7,2217,0.0000
7,2218,0.0000
7,2219,0.0500
7,2220,0.0000
7,2221,0.0000
7,2222,0.0000
7,2223,0.0000
7,2224,0.0000
7,2225,0.0000
7,2226,0.0000
7,2227,0.0000
7,2228,0.0000
7,2229,0.0000
7,2230,0.0000
7,2231,0.0000
7,2232,0.0000
7,2233,0.0000
7,2234,0.0000
7,2235,0.0000
7,2236,0.0000
7,2237,0.0000
7,2238,1.3000
7,2239,0.0800
7,2240,0.0000
7,2241,0.0000
7,2242,0.2800
7,2243,0.0000
7,2244,0.0000
7,2245,0.0000
7,2246,0.0000
7,2247,0.0000
7,2248,0.0000
7,2249,0.0000
7,2250,0.0000
7,2251,0.0000
7,2252,0.0000
7,2253,0.0000
7,2254,0.0000
7,2255,0.0000
7,2256,0.0000
7,2257,0.0000
7,2258,0.0000
7,2259,0.0000
7,2260,0.0000
7,2261,0.0000
7,2262,0.0000
7,2263,0.0000
7,2264,0.0000
7,2265,0.0000
7,2266,0.0000
7,2267,0.0000
7,2268,0.0000
7,2269,0.0000
7,2270,0.0000
7,2271,0.0000
7,2272,0.0000
7,2273,0.0000
7,2274,0.0000
7,2275,0.0000
7,2276,0.0000
7,2277,0.0000
7,2278,0.0000
7,2279,0.0000
7,2280,0.0000
7,2281,0.0000
7,2282,0.0000
7,2283,0.1500
7,2284,0.1300
7,2285,0.2500
7,2286,0.0000
7,2287,0.1000
7,2288,0.0000
7,2289,0.0000
7,2290,0.0000
7,2291,0.0000
7,2292,0.0000
7,2293,0.0000
7,2294,0.2000
7,2295,0.3800
7,2296,0.0000
7,2297,0.0000
7,2298,0.0000
7,2299,0.0000
7,2300,0.0000
7,2301,0.0000
7,2302,0.0000
7,2303,0.0000
7,2304,0.0000
7,2305,0.0000
7,2306,0.0000
7,2307,0.0000
7,2308,0.0000
7,2309,0.0000
7,2310,0.0000
7,2311,0.0000
7,2312,0.0000
7,2313,0.0000
7,2314,0.1500
7,2315,0.0000
7,2316,0.0800
7,2317,1.2800
7,2318,0.0000
7,2319,1.0500
7,2320,0.0000
7,2321,0.0000
7,2322,0.0000
7,2323,0.0000
7,2324,0.0000
7,2325,0.0000
7,2326,1.6500
7,2327,1.8300
7,2328,1.9800
7,2329,0.2500
7,2330,4.3800
7,2331,10.0500
7,2332,2.6300
7,2333,0.7300
7,2334,0.0000
7,2335,0.0300
7,2336,0.3500
7,2337,1.6300
7,2338,0.0000
7,2339,1.1000
7,2340,0.2000
7,2341,0.0000
7,2342,3.1000
7,2343,0.0000
7,2344,0.0000
7,2345,0.0500
7,2346,0.8500
7,2347,0.0000
7,2348,0.1800
7,2349,0.0000
7,2350,0.0000
7,2351,0.0000
7,2352,4.1300
7,2353,1.1500
7,2354,0.0300
7,2355,0.0000
7,2356,0.0000
7,2357,0.0000
7,2358,2.0500
7,2359,0.0000
7,2360,0.2300
7,2361,1.5000
7,2362,0.0000
7,2363,0.1300
7,2364,0.0000
7,2365,0.0000
7,2366,0.0000
7,2367,1.1500
7,2368,0.0000
7,2369,0.0000
7,2370,0.0000
7,2371,0.0000
7,2372,1.4500
7,2373,0.0000
7,2374,0.0000
7,2375,0.0000
7,2376,0.0000
7,2377,0.0000
7,2378,0.0000
7,2379,0.0000
7,2380,0.0000
7,2381,0.0000
7,2382,0.0000
7,2383,0.0000
7,2384,0.0000
7,2385,0.0000
7,2386,0.0000
7,2387,0.1800
7,2388,0.0000
7,2389,0.0000
7,2390,0.0000
7,2391,0.0300
7,2392,0.0000
7,2393,0.0000
7,2394,2.4300
7,2395,0.0000
7,2396,0.0000
7,2397,0.4800
7,2398,0.0000
7,2399,0.0000
7,2400,0.0000
7,2401,1.3000
7,2402,0.0300
7,2403,2.0300
7,2404,0.0000
7,2405,0.0000
7,2406,0.0000
7,2407,0.0000
7,2408,0.0000
7,2409,0.0000
7,2410,0.0000
7,2411,0.0000
7,2412,0.0000
7,2413,0.0000
7,2414,0.0800
7,2415,0.6000
7,2416,0.0000
7,2417,0.0300
7,2418,0.0000
7,2419,0.0000
7,2420,0.0300
7,2421,0.0300
7,2422,0.0500
7,2423,0.0000
7,2424,0.0000
7,2425,0.0000
7,2426,0.0000
7,2427,0.0000
7,2428,0.0000
7,2429,1.0300
7,2430,0.1000
7,2431,0.1500
7,2432,0.0000
7,2433,0.0000
7,2434,0.0000
7,2435,0.2500
7,2436,0.0000
7,2437,0.0000
7,2438,0.0000
7,2439,0.0000
7,2440,0.0000
7,2441,0.0000
7,2442,0.0000
7,2443,0.0000
7,2444,0.0000
7,2445,0.0000
7,2446,0.0000
7,2447,0.0000
7,2448,0.0500
7,2449,0.0000
7,2450,0.0000
7,2451,0.1300
7,2452,0.0000
7,2453,0.0000
7,2454,0.0000
7,2455,0.0000
7,2456,0.0000
7,2457,0.0000
7,2458,0.0000
7,2459,0.3500
7,2460,0.0000
7,2461,0.1800
7,2462,0.0000
7,2463,0.0000
7,2464,0.0000
7,2465,0.0000
7,2466,0.0000
7,2467,0.0000
7,2468,0.0000
7,2469,0.0000
7,2470,0.3000
7,2471,0.0000
7,2472,0.0000
7,2473,0.0000
7,2474,0.4000
7,2475,0.0000
7,2476,0.0000
7,2477,0.0000
7,2478,0.0000
7,2479,0.0000
7,2480,0.0000
7,2481,0.0000
7,2482,0.0000
7,2483,0.0000
7,2484,0.0000
7,2485,0.0000
7,2486,0.0000
7,2487,0.0000
7,2488,0.0000
7,2489,0.0000
7,2490,0.0000
7,2491,0.0000
7,2492,0.0000
7,2493,0.0000
7,2494,0.1000
7,2495,0.0300
7,2496,0.1300
7,2497,0.0800
7,2498,0.0000
7,2499,0.0000
7,2500,0.0000
7,2501,0.0000
7,2502,0.0000
7,2503,0.0000
7,2504,0.0000
7,2505,0.0000
7,2506,0.0000
7,2507,0.0300
7,2508,0.0000
7,2509,0.0000
7,2510,0.0000
7,2511,0.0000
7,2512,0.0000
7,2513,0.0000
7,2514,0.0000
7,2515,0.0000
7,2516,0.0000
7,2517,0.0300
7,2518,0.0000
7,2519,0.1300
7,2520,0.0000
7,2521,0.0000
7,2522,0.0000
7,2523,0.0000
7,2524,0.0000
7,2525,0.0000
7,2526,0.0000
7,2527,0.0000
7,2528,0.0000
7,2529,0.0000
7,2530,0.2000
7,2531,0.0000
7,2532,0.0000
7,2533,0.0000
7,2534,0.0000
7,2535,0.0000
7,2536,0.0000
7,2537,0.0000
7,2538,0.0000
7,2539,0.0000
7,2540,0.0000
7,2541,0.0000
7,2542,0.0000
7,2543,0.0000
7,2544,0.0000
7,2545,0.0000
7,2546,0.0000
7,2547,0.0000
7,2548,0.0000
7,2549,0.0000
7,2550,0.0000
7,2551,0.0000
7,2552,0.0000
7,2553,0.0000
7,2554,0.0000
7,2555,0.0000
8,2556,0.0000
8,2557,0.0000
8,2558,0.0000
8,2559,0.0000
8,2560,0.0000
8,2561,0.0000
8,2562,0.0000
8,2563,0.0000
8,2564,0.0000
8,2565,0.0000
8,2566,0.0000
8,2567,0.0000
8,2568,0.0000
8,2569,0.0000
8,2570,0.0000
8,2571,0.0000
8,2572,0.0000
8,2573,0.0000
8,2574,0.0000
8,2575,0.0300
8,2576,0.0000
8,2577,0.0000
8,2578,0.0000
8,2579,0.0000
8,2580,0.0000
8,2581,0.0000
8,2582,0.0000
8,2583,0.0000
8,2584,0.0000
8,2585,0.0000
8,2586,0.0000
8,2587,0.0000
8,2588,0.0000
8,2589,0.0000
8,2590,0.0000
8,2591,0.0000
8,2592,0.0000
8,2593,0.0000
8,2594,0.0000
8,2595,0.0000
8,2596,0.0000
8,2597,0.0000
8,2598,0.0000
8,2599,0.0000
8,2600,0.0000
8,2601,0.0000
8,2602,0.0000
8,2603,0.0000
8,2604,0.0000
8,2605,0.0000
8,2606,0.0000
8,2607,0.0000
8,2608,0.0000
8,2609,0.0000
8,2610,0.5500
8,2611,0.6300
8,2612,0.0000
8,2613,0.0000
8,2614,0.0000
8,2615,0.0000
8,2616,0.7800
8,2617,0.0000
8,2618,0.0000
8,2619,0.0000
8,2620,0.0000
8,2621,0.0000
8,2622,0.0000
8,2623,0.0000
8,2624,0.0000
8,2625,0.0000
8,2626,0.0000
8,2627,0.0000
8,2628,0.0000
8,2629,0.0000
8,2630,0.0000
8,2631,0.0000
8,2632,0.0000
8,2633,0.0000
8,2634,0.0000
8,2635,0.0000
8,2636,0.0000
8,2637,0.0000
8,2638,0.0000
8,2639,0.0000
8,2640,0.0000
8,2641,0.0000
8,2642,0.0000
8,2643,0.0000
8,2644,0.0000
8,2645,0.0000
8,2646,0.0000
8,2647,0.0000
8,2648,0.0000
8,2649,0.0000
8,2650,0.0000
8,2651,0.0000
8,2652,0.0000
8,2653,0.0000
8,2654,0.0000
8,2655,0.0000
8,2656,0.0000
8,2657,0.0000
8,2658,0.0000
8,2659,0.0000
8,2660,0.0000
8,2661,0.0000
8,2662,0.0000
8,2663,0.1300
8,2664,0.5500
8,2665,0.0000
8,2666,0.0000
8,2667,0.0000
8,2668,0.0000
8,2669,0.0000
8,2670,0.0000
8,2671,0.7500
8,2672,0.0000
8,2673,0.0000
8,2674,0.4000
8,2675,0.0000
8,2676,0.0000
8,2677,0.0000
8,2678,0.0000
8,2679,7.3000
8,2680,0.1000
8,2681,0.0000
8,2682,0.0300
8,2683,0.0000
8,2684,0.0000
8,2685,0.0000
8,2686,0.0500
8,2687,0.8500
8,2688,0.0000
8,2689,0.0000
8,2690,0.0000
8,2691,0.0000
8,2692,0.0000
8,2693,0.0000
8,2694,0.3000
8,2695,0.0000
8,2696,0.0000
8,2697,0.2000
8,2698,0.0000
8,2699,0.0000
8,2700,0.0000
8,2701,0.0000
8,2702,0.0000
8,2703,0.0000
8,2704,0.7800
8,2705,2.0000
8,2706,0.0800
8,2707,0.0000
8,2708,0.0500
8,2709,0.0000
8,2710,0.0000
8,2711,0.0000
8,2712,0.0000
8,2713,0.0000
8,2714,0.0000
8,2715,0.0000
8,2716,0.0000
8,2717,0.6800
8,2718,0.0000
8,2719,0.0000
8,2720,0.3300
8,2721,0.5000
8,2722,0.6800
8,2723,0.1500
8,2724,0.2500
8,2725,1.9300
8,2726,1.6500
8,2727,3.0300
8,2728,1.1800
8,2729,2.9500
8,2730,0.8800
8,2731,0.8500
8,2732,1.9000
8,2733,0.0300
8,2734,2.3000
8,2735,0.3500
8,2736,1.5000
8,2737,2.8000
8,2738,0.1500
8,2739,0.0500
8,2740,0.3500
8,2741,0.5800
8,2742,0.8000
8,2743,0.1500
8,2744,0.4800
8,2745,1.0500
8,2746,0.0000
8,2747,0.8300
8,2748,0.0000
8,2749,0.0000
8,2750,0.0000
8,2751,0.0000
8,2752,0.0000
8,2753,0.3800
8,2754,0.0000
8,2755,0.0000
8,2756,0.0000
8,2757,0.0000
8,2758,0.0000
8,2759,0.3800
8,2760,0.0000
8,2761,0.2800
8,2762,0.7300
8,2763,0.0300
8,2764,0.0000
8,2765,0.0000
8,2766,0.0000
8,2767,0.0000
8,2768,0.0000
8,2769,0.0000
8,2770,0.0000
8,2771,0.0800
8,2772,0.0000
8,2773,0.0000
8,2774,1.4800
8,2775,0.5000
8,2776,0.0000
8,2777,0.0000
8,2778,1.9000
8,2779,0.0500
8,2780,0.0000
8,2781,0.5800
8,2782,0.0000
8,2783,0.0000
8,2784,0.0000
8,2785,0.0000
8,2786,0.0800
8,2787,0.0300
8,2788,0.1300
8,2789,0.5800
8,2790,0.1800
8,2791,0.5500
8,2792,0.0000
8,2793,0.8800
8,2794,0.0000
8,2795,0.8300
8,2796,0.2800
8,2797,0.0000
8,2798,0.0000
8,2799,0.0000
8,2800,0.0000
8,2801,0.0000
8,2802,0.0000
8,2803,1.7500
8,2804,0.1000
8,2805,0.1500
8,2806,0.0000
8,2807,0.0000
8,2808,0.0000
8,2809,0.0000
8,2810,0.4000
8,2811,0.0000
8,2812,0.0000
8,2813,0.0000
8,2814,0.1300
8,2815,0.0300
8,2816,0.0000
8,2817,0.0000
8,2818,0.0000
8,2819,0.0000
8,2820,0.0000
8,2821,0.0000
8,2822,0.0000
8,2823,0.0000
8,2824,0.0000
8,2825,0.0800
8,2826,0.0000
8,2827,0.0000
8,2828,0.0000
8,2829,0.0000
8,2830,0.0000
8,2831,0.4800
8,2832,0.0000
8,2833,0.0000
8,2834,0.0300
8,2835,0.0800
8,2836,0.0300
8,2837,0.1800
8,2838,0.0500
8,2839,0.0300
8,2840,0.0000
8,2841,0.0000
8,2842,0.4000
8,2843,0.0000
8,2844,0.0000
8,2845,0.0000
8,2846,0.0000
8,2847,0.6500
8,2848,0.7500
8,2849,0.0000
8,2850,0.0000
8,2851,0.1300
8,2852,0.0000
8,2853,0.0000
8,2854,0.0000
8,2855,0.0000
8,2856,0.5800
8,2857,0.1300
8,2858,0.0000
8,2859,0.0000
8,2860,0.0000
8,2861,0.0000
8,2862,0.0000
8,2863,0.0000
8,2864,0.0000
8,2865,0.0000
8,2866,0.0000
8,2867,0.0000
8,2868,0.2300
8,2869,0.0000
8,2870,0.0000
8,2871,0.0000
8,2872,0.0000
8,2873,0.0000
8,2874,0.0000
8,2875,0.0000
8,2876,0.0000
8,2877,0.0300
8,2878,0.0300
8,2879,0.0000
8,2880,0.0000
8,2881,0.0000
8,2882,0.0000
8,2883,0.0000
8,2884,0.0000
8,2885,0.0000
8,2886,0.0000
8,2887,0.0000
8,2888,0.0000
8,2889,0.0000
8,2890,0.0000
8,2891,0.0000
8,2892,0.0000
8,2893,0.0000
8,2894,0.0000
8,2895,0.0000
8,2896,0.0000
8,2897,0.0000
8,2898,0.0000
8,2899,0.0000
8,2900,0.0000
8,2901,0.0000
8,2902,0.0000
8,2903,0.0000
8,2904,0.0000
8,2905,0.0000
8,2906,0.0000
8,2907,0.0000
8,2908,0.0000
8,2909,0.0000
8,2910,0.0000
8,2911,0.0000
8,2912,0.0000
8,2913,0.0000
8,2914,0.0000
8,2915,0.0000
8,2916,0.0000
8,2917,0.0000
8,2918,0.0000
8,2919,0.0000
8,2920,0.0000
9,2921,0.0000
9,2922,0.0000
9,2923,0.0000
9,2924,0.0000
9,2925,0.0000
9,2926,0.0000
9,2927,0.0000
9,2928,0.0000
9,2929,0.0000
9,2930,0.0000
9,2931,0.0000
9,2932,0.0000
9,2933,0.0000
9,2934,0.0000
9,2935,0.0000
9,2936,0.0000
9,2937,0.0000
9,2938,0.0000
9,2939,0.0000
9,2940,0.0000
9,2941,0.0000
9,2942,0.0000
9,2943,0.0000
9,2944,0.0000
9,2945,0.0000
9,2946,0.0000
9,2947,0.0000
9,2948,0.0000
9,2949,0.0000
9,2950,0.0000
9,2951,0.0000
9,2952,0.0000
9,2953,0.0000
9,2954,0.0000
9,2955,0.0000
9,2956,0.0000
9,2957,0.0000
9,2958,0.0000
9,2959,0.0000
9,2960,0.0000
9,2961,0.0000
9,2962,0.0000
9,2963,0.0000
9,2964,0.0000
9,2965,0.0000
9,2966,0.0000
9,2967,0.0000
9,2968,0.0000
9,2969,0.0000
9,2970,0.0000
9,2971,0.0000
9,2972,0.0000
9,2973,0.0000
9,2974,0.0000
9,2975,0.0000
9,2976,0.0000
9,2977,0.0000
9,2978,0.0000
9,2979,0.0000
9,2980,0.0000
9,2981,0.0000
9,2982,0.0000
9,2983,0.0000
9,2984,0.0000
9,2985,0.0000
9,2986,0.0000
9,2987,0.0000
9,2988,0.0000
9,2989,0.0000
9,2990,0.0000
9,2991,0.0300
9,2992,0.0000
9,2993,0.0000
9,2994,0.0300
9,2995,0.0000
9,2996,0.0000
9,2997,0.0000
9,2998,0.0000
9,2999,0.0300
9,3000,0.0000
9,3001,0.0000
9,3002,0.0000
9,3003,0.0300
9,3004,0.0000
9,3005,0.0000
9,3006,0.0000
9,3007,0.0000
9,3008,0.0000
9,3009,0.0000
9,3010,0.0000
9,3011,0.0000
9,3012,0.0000
9,3013,0.0000
9,3014,0.0000
9,3015,0.0000
9,3016,0.0000
9,3017,0.0000
9,3018,0.0000
9,3019,0.0000
9,3020,0.0000
9,3021,0.0000
9,3022,0.0000
9,3023,0.0000
9,3024,0.0000
9,3025,0.0000
9,3026,0.0000
9,3027,0.0000
9,3028,0.0000
9,3029,0.0300
9,3030,0.0000
9,3031,0.0000
9,3032,0.0000
9,3033,0.0300
9,3034,0.0000
9,3035,0.0000
9,3036,0.0000
9,3037,0.0000
9,3038,0.0000
9,3039,0.0000
9,3040,0.0000
9,3041,0.0000
9,3042,3.2300
9,3043,0.0000
9,3044,0.0000
9,3045,0.2500
9,3046,3.8500
9,3047,0.7300
9,3048,0.0000
9,3049,0.0000
9,3050,0.0000
9,3051,0.0000
9,3052,0.0000
9,3053,0.0000
9,3054,0.0000
9,3055,0.0000
9,3056,2.5000
9,3057,1.6000
9,3058,0.0000
9,3059,0.2000
9,3060,0.0000
9,3061,0.0000
9,3062,0.0000
9,3063,1.4500
9,3064,0.0800
9,3065,0.0000
9,3066,0.6800
9,3067,3.6000
9,3068,0.9000
9,3069,0.0000
9,3070,0.0000
9,3071,0.0000
9,3072,0.3000
9,3073,0.6500
9,3074,2.0300
9,3075,0.9300
9,3076,0.0000
9,3077,0.0000
9,3078,0.0000
9,3079,1.2000
9,3080,0.0000
9,3081,0.0000
9,3082,0.0000
9,3083,0.0000
9,3084,0.0000
9,3085,0.0000
9,3086,0.0000
9,3087,0.2500
9,3088,0.0000
9,3089,0.0300
9,3090,0.0000
9,3091,0.0000
9,3092,0.0000
9,3093,0.0000
9,3094,0.2000
9,3095,0.0500
9,3096,0.0000
9,3097,2.4800
9,3098,1.0500
9,3099,0.0000
9,3100,0.0000
9,3101,0.0500
9,3102,0.0000
9,3103,0.0000
9,3104,0.0000
9,3105,0.0500
9,3106,0.5800
9,3107,0.0300
9,3108,0.2000
9,3109,0.1500
9,3110,0.0000
9,3111,0.0500
9,3112,1.7800
9,3113,0.0000
9,3114,0.5500
9,3115,0.1500
9,3116,2.4800
9,3117,0.0000
9,3118,0.0000
9,3119,0.0000
9,3120,0.0000
9,3121,0.2800
9,3122,0.0000
9,3123,0.0300
9,3124,0.0500
9,3125,0.8500
9,3126,5.1500
9,3127,0.0000
9,3128,0.0300
9,3129,1.2800
9,3130,0.0000
9,3131,1.1000
9,3132,0.0000
9,3133,1.2000
9,3134,2.5500
9,3135,0.0000
9,3136,0.0000
9,3137,2.8000
9,3138,5.0500
9,3139,0.0000
9,3140,0.0000
9,3141,0.2000
9,3142,0.9800
9,3143,0.1300
9,3144,0.0500
9,3145,4.5500
9,3146,0.3500
9,3147,0.0000
9,3148,0.0000
9,3149,0.1800
9,3150,3.2500
9,3151,0.2300
9,3152,0.0300
9,3153,1.0300
9,3154,0.3800
9,3155,0.0000
9,3156,0.0000
9,3157,0.0000
9,3158,0.0500
9,3159,3.1500
9,3160,0.1300
9,3161,0.0000
9,3162,5.1500
9,3163,0.0000
9,3164,0.0000
9,3165,0.0000
9,3166,0.0000
9,3167,0.0000
9,3168,0.0000
9,3169,0.0000
9,3170,0.0000
9,3171,0.1300
9,3172,0.4500
9,3173,0.1800
9,3174,0.2000
9,3175,0.2800
9,3176,0.0000
9,3177,0.0000
9,3178,0.0000
9,3179,0.0000
9,3180,0.0000
9,3181,0.3500
9,3182,0.0000
9,3183,0.0000
9,3184,0.0300
9,3185,0.0300
9,3186,0.0000
9,3187,0.0000
9,3188,0.0000
9,3189,0.0300
9,3190,0.5800
9,3191,0.2000
9,3192,0.0000
9,3193,0.0000
9,3194,0.0000
9,3195,0.0300
9,3196,0.1300
9,3197,0.0000
9,3198,0.0000
9,3199,0.0000
9,3200,0.0000
9,3201,0.1300
9,3202,0.1000
9,3203,0.0000
9,3204,0.0000
9,3205,0.0000
9,3206,0.0000
9,3207,0.0000
9,3208,0.0000
9,3209,0.0000
9,3210,0.0000
9,3211,0.0000
9,3212,0.0000
9,3213,0.0000
9,3214,0.0000
9,3215,0.0500
9,3216,0.4000
9,3217,0.0500
9,3218,0.0000
9,3219,0.0000
9,3220,0.0000
9,3221,0.0000
9,3222,0.0000
9,3223,0.0000
9,3224,0.0000
9,3225,0.0000
9,3226,0.0000
9,3227,0.0000
9,3228,0.0000
9,3229,0.0000
9,3230,0.0300
9,3231,0.5800
9,3232,0.0000
9,3233,0.0000
9,3234,0.0000
9,3235,0.0000
9,3236,0.0000
9,3237,0.0000
9,3238,0.0000
9,3239,0.0000
9,3240,0.0500
9,3241,0.1800
9,3242,0.0000
9,3243,0.0000
9,3244,0.0000
9,3245,1.1300
9,3246,0.0000
9,3247,0.0000
9,3248,0.0000
9,3249,0.0000
9,3250,0.7800
9,3251,0.0000
9,3252,0.0000
9,3253,0.0000
9,3254,0.0000
9,3255,0.0000
9,3256,0.0000
9,3257,0.0000
9,3258,0.0000
9,3259,0.0000
9,3260,0.0000
9,3261,0.0000
9,3262,0.0000
9,3263,0.0000
9,3264,0.0000
9,3265,0.0000
9,3266,0.0000
9,3267,0.0000
9,3268,0.0000
9,3269,0.0000
9,3270,0.0000
9,3271,0.0000
9,3272,0.0000
9,3273,0.0000
9,3274,0.0000
9,3275,0.0000
9,3276,0.0000
9,3277,0.0000
9,3278,0.0000
9,3279,0.0000
9,3280,0.0000
9,3281,0.0000
9,3282,0.0000
9,3283,0.0000
9,3284,0.0000
9,3285,0.0000
10,3286,0.0000
10,3287,0.0000
10,3288,0.0000
10,3289,0.0000
10,3290,0.0000
10,3291,0.0000
10,3292,0.0000
10,3293,0.0000
10,3294,0.0000
10,3295,0.0000
10,3296,0.0000
10,3297,0.0000
10,3298,0.0000
10,3299,0.0000
10,3300,0.0000
10,3301,0.0000
10,3302,0.0000
10,3303,0.0000
10,3304,0.0000
10,3305,0.0000
10,3306,0.0000
10,3307,0.0000
10,3308,0.0000
10,3309,0.0000
10,3310,0.0000
10,3311,1.3800
10,3312,3.2500
10,3313,0.0000
10,3314,0.0000
10,3315,0.0000
10,3316,0.0000
10,3317,0.0000
10,3318,0.0000
10,3319,0.0000
10,3320,0.0000
10,3321,0.0000
10,3322,0.0000
10,3323,0.0000
10,3324,0.0000
10,3325,0.0000
10,3326,0.0000
10,3327,0.0000
10,3328,0.0000
10,3329,0.0000
10,3330,0.0000
10,3331,0.0000
10,3332,0.0000
10,3333,0.0000
10,3334,0.0000
10,3335,0.0000
10,3336,0.0000
10,3337,0.0000
10,3338,0.0000
10,3339,0.0000
10,3340,0.0000
10,3341,0.0000
10,3342,0.0000
10,3343,0.0000
10,3344,0.0000
10,3345,0.0000
10,3346,0.8300
10,3347,0.0000
10,3348,0.0300
10,3349,0.0000
10,3350,0.0000
10,3351,0.0000
10,3352,0.0000
10,3353,0.0000
10,3354,0.0000
10,3355,0.0000
10,3356,0.0000
10,3357,0.0000
10,3358,0.0000
10,3359,0.0000
10,3360,0.0500
10,3361,0.0000
10,3362,0.0000
10,3363,0.0000
10,3364,0.0000
10,3365,0.0000
10,3366,0.1000
10,3367,0.3500
10,3368,0.0000
10,3369,1.3300
10,3370,0.7500
10,3371,0.0000
10,3372,0.0000
10,3373,0.4300
10,3374,0.0000
10,3375,0.0000
10,3376,0.0000
10,3377,0.0800
10,3378,1.0000
10,3379,0.8300
10,3380,0.0300
10,3381,0.4000
10,3382,0.0000
10,3383,0.0000
10,3384,0.0000
10,3385,0.0000
10,3386,0.8800
10,3387,0.0000
10,3388,0.0000
10,3389,0.0000
10,3390,0.8500
10,3391,0.2300
10,3392,1.7000
10,3393,0.0000
10,3394,0.0000
10,3395,0.0000
10,3396,0.9800
10,3397,2.2500
10,3398,0.0000
10,3399,0.0000
10,3400,0.0000
10,3401,0.0000
10,3402,0.0000
10,3403,0.0000
10,3404,2.6500
10,3405,0.0500
10,3406,0.3000
10,3407,0.8500
10,3408,0.0000
10,3409,0.0300
10,3410,0.0000
10,3411,0.0000
10,3412,0.0000
10,3413,0.0000
10,3414,0.0000
10,3415,0.0000
10,3416,0.2800
10,3417,6.3000
10,3418,0.0000
10,3419,0.0000
10,3420,0.0000
10,3421,0.0000
10,3422,0.0000
10,3423,0.2300
10,3424,0.7500
10,3425,0.1000
10,3426,0.0000
10,3427,0.0300
10,3428,0.3500
10,3429,0.0000
10,3430,0.0000
10,3431,0.0000
10,3432,2.2800
10,3433,0.0000
10,3434,0.2500
10,3435,0.0000
10,3436,0.0000
10,3437,0.4300
10,3438,0.0000
10,3439,0.0000
10,3440,0.0000
10,3441,0.0000
10,3442,0.0000
10,3443,0.0000
10,3444,0.0000
10,3445,0.0000
10,3446,0.0000
10,3447,0.0000
10,3448,0.0000
10,3449,0.0000
10,3450,0.0000
10,3451,0.0000
10,3452,0.0000
10,3453,0.0000
10,3454,0.2000
10,3455,0.1500
10,3456,0.0300
10,3457,0.2000
10,3458,0.0000
10,3459,0.0000
10,3460,0.0000
10,3461,0.0000
10,3462,0.0000
10,3463,0.0000
10,3464,0.0000
10,3465,0.5800
10,3466,0.0000
10,3467,0.1500
10,3468,0.0000
10,3469,0.1000
10,3470,0.0300
10,3471,0.0000
10,3472,0.0000
10,3473,0.0000
10,3474,0.2500
10,3475,0.0000
10,3476,7.6800
10,3477,0.0000
10,3478,0.0000
10,3479,0.2500
10,3480,0.7300
10,3481,0.8000
10,3482,1.5800
10,3483,0.0000
10,3484,0.0000
10,3485,0.6000
10,3486,0.0000
10,3487,0.0000
10,3488,0.0000
10,3489,0.0000
10,3490,0.0000
10,3491,0.0000
10,3492,0.0000
10,3493,0.0000
10,3494,0.0000
10,3495,0.0000
10,3496,0.0000
10,3497,0.0000
10,3498,0.0000
10,3499,0.0000
10,3500,0.0000
10,3501,0.0000
10,3502,0.0300
10,3503,0.0000
10,3504,0.0500
10,3505,0.0000
10,3506,0.1800
10,3507,0.0000
10,3508,0.0000
10,3509,0.0000
10,3510,0.0000
10,3511,1.8300
10,3512,0.0000
10,3513,0.0000
10,3514,0.0000
10,3515,0.0000
10,3516,0.0300
10,3517,0.0000
10,3518,0.0000
10,3519,0.0000
10,3520,0.0000
10,3521,0.0000
10,3522,0.0000
10,3523,0.0000
10,3524,0.0000
10,3525,0.0000
10,3526,0.0000
10,3527,0.0000
10,3528,0.0000
10,3529,0.0000
10,3530,0.0300
10,3531,0.0000
10,3532,0.2500
10,3533,0.0000
10,3534,0.0000
10,3535,0.0000
10,3536,0.0000
10,3537,0.0000
10,3538,0.0000
10,3539,0.0300
10,3540,0.0000
10,3541,0.0300
10,3542,0.0500
10,3543,0.0000
10,3544,0.0000
10,3545,0.0000
10,3546,0.7500
10,3547,0.1000
10,3548,0.0000
10,3549,0.0000
10,3550,0.0000
10,3551,0.0000
10,3552,0.8300
10,3553,0.0000
10,3554,0.0000
10,3555,0.4500
10,3556,1.4000
10,3557,0.0000
10,3558,0.0000
10,3559,0.0000
10,3560,0.0000
10,3561,0.0000
10,3562,0.0000
10,3563,0.0000
10,3564,0.0000
10,3565,0.0000
10,3566,0.0000
10,3567,0.1300
10,3568,0.6500
10,3569,0.0000
10,3570,0.0000
10,3571,0.6500
10,3572,0.1800
10,3573,0.0300
10,3574,0.0500
10,3575,0.0000
10,3576,0.0000
10,3577,0.0000
10,3578,0.0000
10,3579,0.0000
10,3580,0.0000
10,3581,0.0000
10,3582,0.0000
10,3583,0.0000
10,3584,0.0000
10,3585,0.0000
10,3586,0.0000
10,3587,0.0000
10,3588,0.0000
10,3589,0.0000
10,3590,0.0000
10,3591,0.0000
10,3592,0.0000
10,3593,0.0000
10,3594,0.0000
10,3595,0.0000
10,3596,0.0000
10,3597,0.0000
10,3598,0.0000
10,3599,0.0000
10,3600,0.0000
10,3601,0.0000
10,3602,0.0000
10,3603,0.0000
10,3604,0.0000
10,3605,0.0000
10,3606,0.0000
10,3607,0.0000
10,3608,0.0000
10,3609,0.0000
10,3610,0.0000
10,3611,0.0000
10,3612,0.0000
10,3613,0.0000
10,3614,0.0000
10,3615,0.0000
10,3616,0.0000
10,3617,0.0000
10,3618,0.0000
10,3619,0.0000
10,3620,0.0000
10,3621,0.0000
10,3622,0.0000
10,3623,0.0000
10,3624,0.0000
10,3625,0.0000
10,3626,0.0000
10,3627,0.0000
10,3628,0.0000
10,3629,0.0000
10,3630,0.0000
10,3631,0.0000
10,3632,0.0000
10,3633,0.0000
10,3634,0.0000
10,3635,0.0000
10,3636,0.0000
10,3637,0.0000
10,3638,0.0000
10,3639,0.0000
10,3640,0.0000
10,3641,0.0000
10,3642,0.0000
10,3643,0.0000
10,3644,0.0000
10,3645,0.0000
10,3646,0.0000
10,3647,0.0000
10,3648,0.0000
10,3649,0.0000
10,3650,0.0000
11,3651,0.0000
11,3652,0.0000
11,3653,0.0000
11,3654,0.0000
11,3655,0.0000
11,3656,0.0000
11,3657,0.0000
11,3658,0.0000
11,3659,0.0000
11,3660,0.0000
11,3661,0.0000
11,3662,0.0000
11,3663,0.0000
11,3664,0.0000
11,3665,0.0000
11,3666,0.0000
11,3667,0.0000
11,3668,0.0000
11,3669,0.0000
11,3670,0.0000
11,3671,0.0000
11,3672,0.0000
11,3673,0.0000
11,3674,0.0000
11,3675,0.0000
11,3676,0.0000
11,3677,0.0000
11,3678,0.0000
11,3679,0.0000
11,3680,0.0000
11,3681,0.0000
11,3682,0.0000
11,3683,0.0000
11,3684,0.0000
11,3685,0.0000
11,3686,0.0000
11,3687,0.0000
11,3688,0.0000
11,3689,0.0000
11,3690,0.0000
11,3691,0.0000
11,3692,0.0000
11,3693,0.0000
11,3694,0.0000
11,3695,0.0000
11,3696,0.0000
11,3697,0.0000
11,3698,0.0000
11,3699,0.0000
11,3700,0.0000
11,3701,0.0000
11,3702,0.0000
11,3703,0.0000
11,3704,0.0000
11,3705,0.0000
11,3706,0.0000
11,3707,0.0000
11,3708,0.0000
11,3709,0.0000
11,3710,0.0000
11,3711,0.0000
11,3712,0.0000
11,3713,0.0000
11,3714,0.0000
11,3715,0.0000
11,3716,0.0000
11,3717,0.0000
11,3718,0.0000
11,3719,0.0000
11,3720,0.7000
11,3721,0.0800
11,3722,3.8300
11,3723,0.1800
11,3724,0.6000
11,3725,0.0000
11,3726,0.0000
11,3727,0.0000
11,3728,0.3500
11,3729,0.0300
11,3730,0.0000
11,3731,0.4500
11,3732,0.0000
11,3733,0.0000
11,3734,0.0000
11,3735,0.0800
11,3736,0.0000
11,3737,0.0000
11,3738,0.0000
11,3739,0.0000
11,3740,0.0000
11,3741,0.0000
11,3742,0.2800
11,3743,0.0000
11,3744,0.0000
11,3745,1.7500
11,3746,0.0000
11,3747,0.0000
11,3748,0.0000
11,3749,0.0000
11,3750,0.0000
11,3751,0.0000
11,3752,0.0000
11,3753,0.2000
11,3754,0.3800
11,3755,3.9800
11,3756,0.0000
11,3757,0.0000
11,3758,0.0000
11,3759,0.0000
11,3760,0.0000
11,3761,0.0000
11,3762,2.2500
11,3763,2.6800
11,3764,0.0800
11,3765,1.1000
11,3766,0.8000
11,3767,0.4300
11,3768,1.3300
11,3769,0.0300
11,3770,0.0000
11,3771,0.0000
11,3772,0.0000
11,3773,0.0000
11,3774,0.9500
11,3775,1.2500
11,3776,0.0000
11,3777,0.0000
11,3778,0.0500
11,3779,0.0000
11,3780,0.0000
11,3781,0.0300
11,3782,0.0000
11,3783,0.0000
11,3784,0.0000
11,3785,0.0000
11,3786,0.0000
11,3787,1.4800
11,3788,0.3300
11,3789,0.5800
11,3790,1.2300
11,3791,0.0000
11,3792,0.0800
11,3793,1.0500
11,3794,0.1000
11,3795,0.4500
11,3796,0.0000
11,3797,2.0500
11,3798,0.4300
11,3799,1.8500
11,3800,0.0500
11,3801,0.2000
11,3802,0.0000
11,3803,0.0300
11,3804,0.0000
11,3805,0.6800
11,3806,0.0000
11,3807,0.0000
11,3808,0.0000
11,3809,0.0000
11,3810,0.0300
11,3811,0.0000
11,3812,1.1300
11,3813,0.0000
11,3814,0.0000
11,3815,0.0000
11,3816,0.0000
11,3817,0.0000
11,3818,0.0000
11,3819,0.0000
11,3820,0.0000
11,3821,0.0000
11,3822,0.0000
11,3823,0.0000
11,3824,0.0000
11,3825,0.0000
11,3826,0.0000
11,3827,0.0000
11,3828,0.0000
11,3829,0.0000
11,3830,0.0000
11,3831,0.0000
11,3832,0.0000
11,3833,0.0000
11,3834,0.0000
11,3835,0.0000
11,3836,0.0000
11,3837,0.0000
11,3838,0.0000
11,3839,0.0000
11,3840,0.0000
11,3841,0.0000
11,3842,0.0000
11,3843,0.0000
11,3844,0.0000
11,3845,0.0000
11,3846,0.0000
11,3847,0.0000
11,3848,0.0000
11,3849,0.0000
11,3850,0.0000
11,3851,0.0000
11,3852,0.0000
11,3853,0.2500
11,3854,0.0000
11,3855,0.0000
11,3856,0.0000
11,3857,0.0000
11,3858,0.0000
11,3859,0.0000
11,3860,0.0000
11,3861,0.0000
11,3862,0.0000
11,3863,0.0000
11,3864,0.0000
11,3865,0.0000
11,3866,0.0000
11,3867,0.0000
11,3868,0.0000
11,3869,0.0000
11,3870,0.0000
11,3871,0.0000
11,3872,0.0000
11,3873,0.0000
11,3874,0.0000
11,3875,0.0000
11,3876,0.0000
11,3877,0.0000
11,3878,0.0000
11,3879,0.0000
11,3880,0.0000
11,3881,0.0000
11,3882,0.0000
11,3883,0.0000
11,3884,0.0000
11,3885,0.0000
11,3886,0.0000
11,3887,0.0000
11,3888,0.2300
11,3889,0.0000
11,3890,0.0000
11,3891,0.0000
11,3892,0.6000
11,3893,0.0000
11,3894,0.2000
11,3895,0.0000
11,3896,0.0000
11,3897,0.0000
11,3898,0.0000
11,3899,0.0000
11,3900,0.0000
11,3901,0.0000
11,3902,0.0000
11,3903,0.0000
11,3904,0.0000
11,3905,0.0000
11,3906,0.0000
11,3907,0.0000
11,3908,0.0000
11,3909,0.0800
11,3910,0.0000
11,3911,0.4300
11,3912,0.2800
11,3913,0.0000
11,3914,0.0000
11,3915,0.0000
11,3916,1.6000
11,3917,0.1300
11,3918,0.0000
11,3919,0.0000
11,3920,0.0000
11,3921,0.0000
11,3922,0.0000
11,3923,0.0500
11,3924,0.0000
11,3925,0.0000
11,3926,0.1300
11,3927,0.0000
11,3928,0.0000
11,3929,0.0000
11,3930,0.0000
11,3931,0.0000
11,3932,0.0000
11,3933,0.0000
11,3934,0.0300
11,3935,0.1000
11,3936,0.1000
11,3937,0.1000
11,3938,0.0000
11,3939,0.0000
11,3940,0.0000
11,3941,0.0000
11,3942,0.0000
11,3943,0.0000
11,3944,0.0000
11,3945,0.0000
11,3946,0.0000
11,3947,0.0000
11,3948,0.5000
11,3949,0.0000
11,3950,0.0000
11,3951,0.0000
11,3952,0.0000
11,3953,0.0000
11,3954,0.3300
11,3955,2.3300
11,3956,0.0000
11,3957,0.0000
11,3958,0.0000
11,3959,0.0000
11,3960,0.0000
11,3961,0.0000
11,3962,0.0000
11,3963,0.0000
11,3964,0.0000
11,3965,0.0000
11,3966,0.0000
11,3967,0.0000
11,3968,0.0000
11,3969,0.0000
11,3970,0.0000
11,3971,0.0500
11,3972,0.4300
11,3973,0.0000
11,3974,0.0000
11,3975,0.0000
11,3976,0.0000
11,3977,0.0000
11,3978,1.1800
11,3979,0.0000
11,3980,0.0000
11,3981,0.0000
11,3982,0.0000
11,3983,0.0000
11,3984,0.0000
11,3985,0.0000
11,3986,0.0000
11,3987,0.0000
11,3988,0.0800
11,3989,0.0000
11,3990,0.0000
11,3991,0.0000
11,3992,0.0000
11,3993,0.0000
11,3994,0.0000
11,3995,0.0000
11,3996,0.0500
11,3997,0.0000
11,3998,0.0000
11,3999,0.0000
11,4000,0.0000
11,4001,0.0000
11,4002,0.0000
11,4003,0.0800
11,4004,0.1300
11,4005,0.2800
11,4006,0.0000
11,4007,0.0000
11,4008,0.0000
11,4009,0.0000
11,4010,0.0000
11,4011,0.0000
11,4012,0.0000
11,4013,0.0000
11,4014,0.0000
11,4015,0.0000
12,4016,0.0000
12,4017,0.0000
12,4018,0.0000
12,4019,0.0000
12,4020,0.0000
12,4021,0.0000
12,4022,0.0000
12,4023,0.0000
12,4024,0.0000
12,4025,0.0000
12,4026,0.0000
12,4027,0.0000
12,4028,0.0000
12,4029,0.0000
12,4030,0.0000
12,4031,0.0000
12,4032,0.0000
12,4033,0.0000
12,4034,2.5000
12,4035,0.0000
12,4036,0.2500
12,4037,0.0000
12,4038,0.0000
12,4039,0.0000
12,4040,0.0000
12,4041,0.0000
12,4042,0.0000
12,4043,0.0000
12,4044,0.0000
12,4045,0.0000
12,4046,0.0000
12,4047,0.0000
12,4048,0.0000
12,4049,1.1500
12,4050,0.0000
12,4051,0.0000
12,4052,0.1300
12,4053,0.0000
12,4054,0.0000
12,4055,0.0000
12,4056,0.0000
12,4057,0.0000
12,4058,0.0000
12,4059,0.0000
12,4060,0.0000
12,4061,0.0000
12,4062,0.0000
12,4063,0.0000
12,4064,0.0000
12,4065,0.0000
12,4066,0.0000
12,4067,0.0000
12,4068,0.0000
12,4069,0.0000
12,4070,0.0000
12,4071,0.0000
12,4072,0.0000
12,4073,0.0000
12,4074,0.0000
12,4075,0.0300
12,4076,0.0000
12,4077,0.0000
12,4078,0.0000
12,4079,0.0000
12,4080,0.0000
12,4081,0.0000
12,4082,0.0000
12,4083,0.0000
12,4084,0.0000
12,4085,0.0000
12,4086,0.0000
12,4087,0.0000
12,4088,0.0000
12,4089,0.0000
12,4090,0.0000
12,4091,0.0000
12,4092,0.0000
12,4093,0.0000
12,4094,0.0000
12,4095,0.0000
12,4096,0.0000
12,4097,0.0000
12,4098,0.0000
12,4099,0.4500
12,4100,0.0000
12,4101,0.0000
12,4102,0.0000
12,4103,0.0000
12,4104,0.0000
12,4105,0.0000
12,4106,0.0000
12,4107,0.0000
12,4108,0.0000
12,4109,0.0000
12,4110,0.0000
12,4111,0.0000
12,4112,0.0000
12,4113,0.0000
12,4114,0.0000
12,4115,0.0000
12,4116,0.0000
12,4117,0.0000
12,4118,0.0000
12,4119,0.0000
12,4120,0.0000
12,4121,0.0000
12,4122,0.0000
12,4123,0.0000
12,4124,0.0000
12,4125,0.0000
12,4126,0.0000
12,4127,0.0000
12,4128,0.0000
12,4129,3.5800
12,4130,0.0000
12,4131,0.0000
12,4132,0.0000
12,4133,0.0000
12,4134,0.0000
12,4135,0.0000
12,4136,0.0000
12,4137,0.0000
12,4138,0.1800
12,4139,0.0000
12,4140,0.0000
12,4141,0.0000
12,4142,0.0000
12,4143,0.0000
12,4144,0.0000
12,4145,0.0000
12,4146,0.0000
12,4147,0.0000
12,4148,1.1500
12,4149,0.0000
12,4150,0.1800
12,4151,0.0000
12,4152,0.0000
12,4153,0.0000
12,4154,0.0000
12,4155,0.0000
12,4156,0.0000
12,4157,3.6000
12,4158,5.0500
12,4159,0.0000
12,4160,0.0000
12,4161,0.0000
12,4162,0.0000
12,4163,0.0000
12,4164,0.0000
12,4165,0.0500
12,4166,0.5500
12,4167,0.0000
12,4168,0.0000
12,4169,0.0000
12,4170,0.0000
12,4171,0.0000
12,4172,0.0000
12,4173,0.2300
12,4174,0.4300
12,4175,0.1000
12,4176,0.0000
12,4177,0.0000
12,4178,0.0000
12,4179,0.0000
12,4180,0.0000
12,4181,0.0000
12,4182,0.0000
12,4183,0.0000
12,4184,0.0000
12,4185,0.0000
12,4186,0.0000
12,4187,0.0000
12,4188,0.0000
12,4189,0.0000
12,4190,0.0000
12,4191,0.0000
12,4192,1.9800
12,4193,1.9800
12,4194,0.0000
12,4195,0.0000
12,4196,0.0000
12,4197,0.0000
12,4198,0.0000
12,4199,0.0000
12,4200,0.0000
12,4201,0.0000
12,4202,0.0000
12,4203,0.0000
12,4204,0.0000
12,4205,0.0000
12,4206,0.0000
12,4207,0.0000
12,4208,0.0000
12,4209,0.0000
12,4210,0.0000
12,4211,0.0000
12,4212,0.0000
12,4213,0.0000
12,4214,0.0000
12,4215,0.0500
12,4216,0.0000
12,4217,0.0000
12,4218,0.0000
12,4219,0.0000
12,4220,0.0000
12,4221,0.0000
12,4222,0.0000
12,4223,0.0000
12,4224,0.0000
12,4225,0.0000
12,4226,0.0000
12,4227,0.0000
12,4228,0.0000
12,4229,0.0000
12,4230,0.0000
12,4231,0.0000
12,4232,0.0000
12,4233,0.0000
12,4234,0.0000
12,4235,0.0000
12,4236,0.0000
12,4237,0.0000
12,4238,0.0000
12,4239,0.0000
12,4240,0.0000
12,4241,0.0000
12,4242,0.0000
12,4243,0.0000
12,4244,0.0000
12,4245,0.0000
12,4246,0.0000
12,4247,0.0000
12,4248,0.0000
12,4249,0.0000
12,4250,0.0300
12,4251,0.7800
12,4252,0.0000
12,4253,0.2800
12,4254,0.2500
12,4255,0.0000
12,4256,0.0000
12,4257,0.0000
12,4258,0.0000
12,4259,0.0000
12,4260,0.0000
12,4261,0.0000
12,4262,0.0000
12,4263,0.0000
12,4264,0.0000
12,4265,0.0000
12,4266,0.0000
12,4267,0.0000
12,4268,0.0000
12,4269,0.0000
12,4270,0.0000
12,4271,0.0000
12,4272,0.0000
12,4273,0.0000
12,4274,0.0000
12,4275,0.0000
12,4276,0.0000
12,4277,0.0000
12,4278,0.0000
12,4279,0.0000
12,4280,0.0000
12,4281,0.0000
12,4282,0.0000
12,4283,0.0000
12,4284,0.0300
12,4285,0.1000
12,4286,0.0000
12,4287,0.0000
12,4288,0.0500
12,4289,0.0000
12,4290,0.0000
12,4291,0.0000
12,4292,0.0000
12,4293,0.3800
12,4294,0.0000
12,4295,0.0000
12,4296,0.0000
12,4297,0.0000
12,4298,0.0000
12,4299,0.0000
12,4300,0.0000
12,4301,0.0000
12,4302,0.0000
12,4303,0.0000
12,4304,0.0000
12,4305,0.0000
12,4306,0.0000
12,4307,0.0000
12,4308,0.0000
12,4309,0.0000
12,4310,0.0000
12,4311,0.0000
12,4312,0.0000
12,4313,0.0000
12,4314,0.0000
12,4315,0.0000
12,4316,0.0000
12,4317,0.0000
12,4318,0.0000
12,4319,0.0300
12,4320,0.1500
12,4321,0.0500
12,4322,0.0000
12,4323,0.0000
12,4324,0.0000
12,4325,0.0000
12,4326,0.0000
12,4327,0.0000
12,4328,0.0000
12,4329,0.0000
12,4330,0.0000
12,4331,0.0000
12,4332,0.0000
12,4333,0.0000
12,4334,0.0000
12,4335,0.3800
12,4336,0.0300
12,4337,0.0000
12,4338,0.0000
12,4339,0.0000
12,4340,0.0000
12,4341,0.0000
12,4342,0.0000
12,4343,0.0000
12,4344,0.0000
12,4345,0.0000
12,4346,0.0000
12,4347,0.0000
12,4348,0.0000
12,4349,0.0000
12,4350,0.0000
12,4351,0.0000
12,4352,0.0000
12,4353,0.0000
12,4354,0.0000
12,4355,0.0000
12,4356,0.0000
12,4357,0.0000
12,4358,0.0000
12,4359,0.0000
12,4360,0.0000
12,4361,0.0000
12,4362,0.0000
12,4363,0.0000
12,4364,0.0000
12,4365,0.0000
12,4366,0.0000
12,4367,0.0000
12,4368,0.0000
12,4369,0.0000
12,4370,0.0000
12,4371,0.0000
12,4372,0.0000
12,4373,0.0000
12,4374,0.0000
12,4375,0.0000
12,4376,0.0000
12,4377,0.0000
12,4378,0.0000
12,4379,0.0000
12,4380,0.0000
13,4381,0.0000
13,4382,0.0300
13,4383,0.0000
13,4384,0.0000
13,4385,0.0000
13,4386,0.0000
13,4387,0.0000
13,4388,0.0000
13,4389,0.0000
13,4390,0.0000
13,4391,0.0000
13,4392,0.0000
13,4393,0.0000
13,4394,0.0000
13,4395,0.0000
13,4396,0.0000
13,4397,0.0000
13,4398,0.0000
13,4399,0.0000
13,4400,0.0000
13,4401,0.0000
13,4402,0.0000
13,4403,0.0000
13,4404,0.0000
13,4405,0.0000
13,4406,0.0000
13,4407,0.0000
13,4408,0.0000
13,4409,0.0000
13,4410,0.0000
13,4411,0.0000
13,4412,0.0000
13,4413,0.0000
13,4414,0.0000
13,4415,0.0000
13,4416,0.0000
13,4417,0.0000
13,4418,0.0000
13,4419,0.0000
13,4420,0.0000
13,4421,0.0000
13,4422,0.0000
13,4423,0.0000
13,4424,0.0000
13,4425,0.0000
13,4426,0.0000
13,4427,0.0000
13,4428,0.0000
13,4429,0.0000
13,4430,0.0000
13,4431,0.0000
13,4432,0.0000
13,4433,0.0000
13,4434,0.0000
13,4435,0.0000
13,4436,0.0000
13,4437,0.0000
13,4438,0.0000
13,4439,0.0000
13,4440,0.0000
13,4441,0.0000
13,4442,0.0500
13,4443,0.0000
13,4444,0.0000
13,4445,0.0000
13,4446,0.0800
13,4447,0.0000
13,4448,0.0000
13,4449,0.0000
13,4450,0.0000
13,4451,0.0000
13,4452,0.5800
13,4453,0.0000
13,4454,0.0000
13,4455,0.0000
13,4456,0.0000
13,4457,0.0000
13,4458,0.0000
13,4459,0.0000
13,4460,0.0000
13,4461,0.0000
13,4462,0.0000
13,4463,0.0000
13,4464,0.0000
13,4465,0.0000
13,4466,0.0000
13,4467,0.0000
13,4468,0.0000
13,4469,0.0000
13,4470,0.0000
13,4471,0.0000
13,4472,0.0000
13,4473,0.0000
13,4474,0.0000
13,4475,0.0000
13,4476,0.0000
13,4477,0.0000
13,4478,0.0000
13,4479,0.0000
13,4480,0.0000
13,4481,0.0000
13,4482,0.0000
13,4483,0.0000
13,4484,0.0000
13,4485,0.0000
13,4486,0.4000
13,4487,0.0000
13,4488,0.0300
13,4489,0.0000
13,4490,2.0300
13,4491,0.0300
13,4492,0.5800
13,4493,1.2500
13,4494,0.1300
13,4495,0.0000
13,4496,0.0000
13,4497,0.0000
13,4498,0.0000
13,4499,0.0000
13,4500,0.0000
13,4501,0.0000
13,4502,0.0000
13,4503,0.0000
13,4504,0.0000
13,4505,0.0000
13,4506,0.0000
13,4507,0.0000
13,4508,0.0000
13,4509,0.0000
13,4510,0.0000
13,4511,0.0000
13,4512,0.0000
13,4513,0.1000
13,4514,0.0000
13,4515,0.0000
13,4516,0.0000
13,4517,0.0000
13,4518,0.0000
13,4519,0.0000
13,4520,0.2800
13,4521,0.0500
13,4522,0.0500
13,4523,0.4800
13,4524,0.0000
13,4525,0.0000
13,4526,0.0000
13,4527,0.0000
13,4528,0.0500
13,4529,0.0000
13,4530,0.0000
13,4531,0.0000
13,4532,0.0000
13,4533,0.0000
13,4534,0.0000
13,4535,0.0000
13,4536,1.1500
13,4537,0.0000
13,4538,0.0000
13,4539,0.0000
13,4540,0.0000
13,4541,0.0300
13,4542,0.0000
13,4543,0.0000
13,4544,0.0000
13,4545,0.0000
13,4546,0.0000
13,4547,0.0000
13,4548,0.0000
13,4549,0.0000
13,4550,0.0000
13,4551,0.4500
13,4552,0.1800
13,4553,0.0300
13,4554,0.1000
13,4555,0.0000
13,4556,0.0000
13,4557,0.0000
13,4558,0.0000
13,4559,0.2300
13,4560,0.0300
13,4561,1.0500
13,4562,0.0000
13,4563,0.0000
13,4564,0.0000
13,4565,0.2300
13,4566,0.6500
13,4567,0.0000
13,4568,0.0000
13,4569,0.0000
13,4570,1.8000
13,4571,0.0500
13,4572,0.0000
13,4573,0.0000
13,4574,0.0800
13,4575,0.0300
13,4576,0.0000
13,4577,0.0000
13,4578,1.4500
13,4579,0.0000
13,4580,0.0000
13,4581,0.5000
13,4582,0.0000
13,4583,0.2800
13,4584,0.0000
13,4585,0.1500
13,4586,0.2300
13,4587,0.3300
13,4588,0.3500
13,4589,0.3000
13,4590,0.0000
13,4591,0.0000
13,4592,1.5800
13,4593,0.0000
13,4594,2.2000
13,4595,1.0800
13,4596,0.0000
13,4597,0.0000
13,4598,0.0000
13,4599,0.0000
13,4600,0.2300
13,4601,0.0300
13,4602,0.0000
13,4603,0.6300
13,4604,0.0000
13,4605,0.0000
13,4606,0.0000
13,4607,0.0000
13,4608,0.0000
13,4609,0.0000
13,4610,0.0000
13,4611,0.0000
13,4612,0.0000
13,4613,0.0000
13,4614,0.0000
13,4615,0.0000
13,4616,0.0000
13,4617,0.0500
13,4618,0.1800
13,4619,0.0000
13,4620,0.0300
13,4621,0.0000
13,4622,0.0000
13,4623,0.0000
13,4624,0.0000
13,4625,0.0000
13,4626,0.0000
13,4627,0.0000
13,4628,0.0000
13,4629,0.5800
13,4630,0.0000
13,4631,0.0000
13,4632,0.0000
13,4633,0.0700
13,4634,0.0000
13,4635,0.0000
13,4636,0.0000
13,4637,0.0000
13,4638,0.0000
13,4639,0.0000
13,4640,0.0000
13,4641,0.0000
13,4642,0.0000
13,4643,0.0000
13,4644,0.0000
13,4645,0.8800
13,4646,0.0300
13,4647,0.0000
13,4648,0.0000
13,4649,0.0000
13,4650,0.0000
13,4651,0.0000
13,4652,0.6000
13,4653,0.0000
13,4654,0.0000
13,4655,0.0000
13,4656,0.0000
13,4657,0.5000
13,4658,0.0000
13,4659,0.0000
13,4660,0.0000
13,4661,0.0000
13,4662,0.0000
13,4663,0.0000
13,4664,0.3000
13,4665,0.0000
13,4666,1.7500
13,4667,1.2500
13,4668,0.0300
13,4669,0.0000
13,4670,0.0000
13,4671,0.0000
13,4672,0.3500
13,4673,0.0000
13,4674,0.0000
13,4675,0.0800
13,4676,0.0000
13,4677,0.0000
13,4678,0.0000
13,4679,0.0000
13,4680,0.0000
13,4681,0.0000
13,4682,0.0000
13,4683,1.1500
13,4684,0.0000
13,4685,0.0000
13,4686,0.2000
13,4687,0.0000
13,4688,0.0000
13,4689,0.0000
13,4690,0.0000
13,4691,0.0000
13,4692,0.0000
13,4693,0.0000
13,4694,0.0000
13,4695,0.0000
13,4696,0.0000
13,4697,0.0000
13,4698,0.0000
13,4699,0.0000
13,4700,0.0000
13,4701,0.0000
13,4702,0.0000
13,4703,0.0000
13,4704,0.0000
13,4705,0.0000
13,4706,0.0000
13,4707,0.0000
13,4708,0.0000
13,4709,0.0000
13,4710,0.0000
13,4711,0.0000
13,4712,0.0000
13,4713,0.0000
13,4714,0.0000
13,4715,0.0000
13,4716,0.0000
13,4717,0.0000
13,4718,0.0000
13,4719,0.0000
13,4720,0.0000
13,4721,0.0000
13,4722,0.0000
13,4723,0.0000
13,4724,0.0000
13,4725,0.0000
13,4726,0.0000
13,4727,0.0000
13,4728,0.0000
13,4729,0.0000
13,4730,0.0000
13,4731,0.0000
13,4732,0.0000
13,4733,0.0000
13,4734,0.0000
13,4735,0.0000
13,4736,0.0000
13,4737,0.0000
13,4738,0.0000
13,4739,0.0000
13,4740,0.0000
13,4741,0.0000
13,4742,0.0000
13,4743,0.0000
13,4744,0.0000
13,4745,0.0000
14,4746,0.0000
14,4747,0.0000
14,4748,0.0000
14,4749,0.0000
14,4750,0.0000
14,4751,0.0000
14,4752,0.0000
14,4753,0.0000
14,4754,0.0000
14,4755,0.0000
14,4756,0.0000
14,4757,0.0000
14,4758,0.0800
14,4759,0.0000
14,4760,0.0000
14,4761,0.0000
14,4762,0.0000
14,4763,0.0000
14,4764,0.0000
14,4765,0.0000
14,4766,0.0000
14,4767,0.0000
14,4768,0.0000
14,4769,0.0000
14,4770,0.0000
14,4771,0.0000
14,4772,0.0000
14,4773,0.0000
14,4774,0.0000
14,4775,0.3500
14,4776,0.0000
14,4777,0.0000
14,4778,0.0000
14,4779,0.0000
14,4780,0.5000
14,4781,0.1000
14,4782,0.0300
14,4783,0.0000
14,4784,0.0000
14,4785,0.0000
14,4786,0.0000
14,4787,0.0500
14,4788,0.0000
14,4789,0.0000
14,4790,0.0000
14,4791,0.0000
14,4792,0.0000
14,4793,0.0000
14,4794,0.0000
14,4795,0.0000
14,4796,0.0000
14,4797,0.0000
14,4798,0.0000
14,4799,0.0000
14,4800,0.2300
14,4801,0.1000
14,4802,0.0000
14,4803,0.0000
14,4804,0.0000
14,4805,0.0000
14,4806,0.0000
14,4807,0.0000
14,4808,0.0000
14,4809,0.0000
14,4810,0.0000
14,4811,0.0000
14,4812,0.0000
14,4813,0.0000
14,4814,0.0000
14,4815,0.0000
14,4816,0.0000
14,4817,0.0000
14,4818,0.0000
14,4819,0.0000
14,4820,0.0000
14,4821,0.0000
14,4822,0.0000
14,4823,0.0000
14,4824,1.6800
14,4825,0.2300
14,4826,2.6800
14,4827,3.7500
14,4828,0.0000
14,4829,0.0300
14,4830,0.0000
14,4831,0.0000
14,4832,0.0000
14,4833,0.0000
14,4834,0.0000
14,4835,0.0000
14,4836,0.0000
14,4837,0.0000
14,4838,0.0000
14,4839,0.0000
14,4840,0.0000
14,4841,0.0000
14,4842,0.0000
14,4843,0.0000
14,4844,0.0300
14,4845,0.0000
14,4846,0.0000
14,4847,0.0000
14,4848,0.0000
14,4849,0.0000
14,4850,0.0000
14,4851,0.1500
14,4852,0.5800
14,4853,0.0000
14,4854,0.0000
14,4855,0.0300
14,4856,0.0000
14,4857,0.0000
14,4858,0.0000
14,4859,0.0000
14,4860,0.0000
14,4861,0.0000
14,4862,0.0000
14,4863,0.0000
14,4864,0.0000
14,4865,0.0000
14,4866,0.0000
14,4867,0.0000
14,4868,1.5300
14,4869,0.0000
14,4870,0.0000
14,4871,0.0000
14,4872,0.6800
14,4873,0.0000
14,4874,0.0000
14,4875,0.2300
14,4876,0.0000
14,4877,0.0000
14,4878,0.0000
14,4879,0.0000
14,4880,0.0000
14,4881,0.0000
14,4882,0.0000
14,4883,0.0000
14,4884,0.0000
14,4885,3.4000
14,4886,2.3000
14,4887,0.0300
14,4888,0.2500
14,4889,0.0300
14,4890,0.0000
14,4891,0.0000
14,4892,0.0000
14,4893,0.0000
14,4894,0.0000
14,4895,0.0000
14,4896,1.3000
14,4897,0.0000
14,4898,0.3300
14,4899,0.0500
14,4900,0.0000
14,4901,0.0000
14,4902,0.0000
14,4903,4.0300
14,4904,0.0300
14,4905,0.0000
14,4906,0.4600
14,4907,0.0000
14,4908,0.0000
14,4909,0.0000
14,4910,0.0000
14,4911,0.0000
14,4912,0.0000
14,4913,0.0000
14,4914,0.0000
14,4915,0.5500
14,4916,1.3700
14,4917,0.1800
14,4918,0.0000
14,4919,0.0000
14,4920,0.0000
14,4921,0.0000
14,4922,0.0000
14,4923,1.6000
14,4924,0.0000
14,4925,1.4800
14,4926,0.0000
14,4927,1.4800
14,4928,0.0000
14,4929,0.0000
14,4930,0.0000
14,4931,0.3800
14,4932,0.0000
14,4933,0.1300
14,4934,0.0300
14,4935,0.4000
14,4936,0.9000
14,4937,0.0000
14,4938,2.4000
14,4939,0.5300
14,4940,0.3000
14,4941,0.0000
14,4942,0.0000
14,4943,0.0000
14,4944,0.1800
14,4945,0.2000
14,4946,0.0000
14,4947,0.0000
14,4948,0.0000
14,4949,0.0000
14,4950,0.0000
14,4951,0.0000
14,4952,0.0000
14,4953,0.0000
14,4954,0.0000
14,4955,0.0000
14,4956,0.0000
14,4957,0.0000
14,4958,0.1300
14,4959,1.8200
14,4960,0.5500
14,4961,0.3300
14,4962,0.6300
14,4963,0.0000
14,4964,0.0300
14,4965,0.0300
14,4966,0.0000
14,4967,0.0000
14,4968,0.0000
14,4969,0.0000
14,4970,0.0000
14,4971,0.0000
14,4972,0.2500
14,4973,0.0000
14,4974,0.0000
14,4975,0.0000
14,4976,0.0000
14,4977,0.0000
14,4978,0.0000
14,4979,0.0000
14,4980,0.0000
14,4981,0.0000
14,4982,0.0000
14,4983,0.0000
14,4984,0.0000
14,4985,0.0000
14,4986,2.9800
14,4987,0.4800
14,4988,0.0000
14,4989,0.0000
14,4990,0.0000
14,4991,0.0000
14,4992,0.0000
14,4993,0.0000
14,4994,0.0000
14,4995,0.0000
14,4996,0.0000
14,4997,0.0000
14,4998,0.0000
14,4999,0.0000
14,5000,0.0000
14,5001,0.0000
14,5002,0.2500
14,5003,0.0000
14,5004,0.0000
14,5005,0.0000
14,5006,0.0000
14,5007,0.0800
14,5008,0.0000
14,5009,0.0000
14,5010,0.0000
14,5011,0.0000
14,5012,0.0000
14,5013,0.0000
14,5014,0.0000
14,5015,0.0000
14,5016,0.0000
14,5017,0.0000
14,5018,0.0000
14,5019,0.0000
14,5020,0.0000
14,5021,0.0000
14,5022,0.0000
14,5023,0.0000
14,5024,0.0000
14,5025,0.0000
14,5026,0.0000
14,5027,0.0000
14,5028,0.0000
14,5029,0.0000
14,5030,0.0000
14,5031,0.1800
14,5032,0.1400
14,5033,0.0000
14,5034,0.0000
14,5035,0.0000
14,5036,0.0000
14,5037,1.2800
14,5038,0.0000
14,5039,0.0000
14,5040,0.0000
14,5041,0.0000
14,5042,0.0000
14,5043,0.0000
14,5044,0.0000
14,5045,0.0000
14,5046,3.4000
14,5047,0.0000
14,5048,0.0300
14,5049,0.0000
14,5050,0.0000
14,5051,0.0000
14,5052,0.0000
14,5053,0.0000
14,5054,0.0000
14,5055,0.0000
14,5056,0.0000
14,5057,0.6000
14,5058,0.8500
14,5059,0.0700
14,5060,0.0300
14,5061,0.0000
14,5062,0.0000
14,5063,0.0000
14,5064,0.0000
14,5065,0.0000
14,5066,0.0000
14,5067,0.0000
14,5068,0.0000
14,5069,0.0000
14,5070,0.0000
14,5071,0.0000
14,5072,0.0000
14,5073,0.0000
14,5074,0.0000
14,5075,0.0000
14,5076,0.0000
14,5077,0.0000
14,5078,0.0000
14,5079,0.0000
14,5080,0.0000
14,5081,0.0000
14,5082,0.0000
14,5083,0.0000
14,5084,0.0000
14,5085,0.0000
14,5086,0.0000
14,5087,0.0000
14,5088,0.0000
14,5089,0.0500
14,5090,0.0000
14,5091,0.0000
14,5092,0.0000
14,5093,0.0000
14,5094,0.0000
14,5095,0.0000
14,5096,0.0000
14,5097,0.0000
14,5098,0.0000
14,5099,0.0000
14,5100,0.0000
14,5101,0.0000
14,5102,0.0000
14,5103,0.0000
14,5104,0.0000
14,5105,0.0000
14,5106,0.0000
14,5107,0.0000
14,5108,0.0000
14,5109,0.0000
14,5110,0.0000
